name,Resizing,Repositioning,Refilling,Repeating,Inclusion,Cutout,Replication,Division
006ac2cb174f99d3dde3eec2d9d0d0dd.jpg,1,0,0,0,1,0,1,0
03566ab006ad407f27851b616cfe8d64.jpg,0,0,1,0,0,0,1,1
035d50b9245a2874b43a200ebbf9264c.jpg,0,0,0,1,1,0,0,1
048f46134fa36717f5c6b3932d459dc9.jpg,0,0,0,1,0,0,1,0
04c7c8ce4796f63023b1c600ad946574--info-graphics-motion-graphics.jpg,0,0,1,0,1,0,1,0
055f1eec2dfe9f96a4ad2fb80e6335a1--design-magazine-print-design.jpg,0,0,1,0,0,0,1,0
063c531bcdd9ef5fff52166d12af4d25.jpg,0,0,0,1,1,0,0,0
073bf47cdac9a96f7d9b4b8381eddfb2.jpg,0,0,1,0,1,0,1,0
0764eaaf645c0ba394a3cac5b8df1655.jpg,0,0,1,0,1,0,0,1
077a642f2adfcc5aa63e117eb91f6a62.jpg,0,0,1,0,1,0,0,0
09424f0a2c83da4e653d8380be18da23.jpg,1,0,0,0,1,0,1,0
09496d8c47e2f1f5abac7dc0819347e7.jpg,0,0,1,0,1,0,1,0
09c4b90431163f1269b0e519fc1f159f.png,1,0,0,0,1,0,1,0
0b1ca792afab4cc35675b838658d284b.jpg,0,0,0,0,1,1,0,0
0bdb0c51f4700cfaac22ba07e984f06d.jpg,1,0,1,0,1,0,1,0
0c3042f3c003022a6fa1c9b72c8d6032.jpg,0,0,1,1,1,0,1,0
0c7f337a5c83166c3496e73ccf6e7fdb.jpg,1,0,0,0,1,0,1,0
0d41eb8d42a2facc9fca6890337a14f6.jpg,1,0,1,0,2,0,1,0
100montreal.png,0,0,0,1,1,0,1,0
10465996204_bd97afa349_k.jpg,1,0,0,0,1,0,1,0
107.png,0,0,0,0,2,0,0,0
108.png,1,0,0,0,1,0,0,0
109.png,0,0,0,0,1,0,0,0
10e2aa24765594fc420645b988ffdf12.jpg,1,0,1,0,1,0,1,0
10e8b5b7123aaea6ca4ebf72edbe5324.jpg,1,0,0,0,2,0,0,0
11-War-Funding.png,0,0,0,1,1,0,1,0
110.png,1,0,1,0,1,0,1,0
116.png,1,0,0,0,1,0,1,0
117.png,0,0,0,1,1,0,0,0
118.png,1,0,1,0,2,0,1,0
11d465b4208defca0bbb500f044b5961.jpg,1,0,1,0,1,0,1,0
126.png,1,0,0,0,2,0,0,0
128.png,1,0,0,0,1,0,0,0
129.png,1,0,0,0,1,0,0,0
12d7e9789a086f80e37512aebad0c97a.png,0,0,0,0,1,0,1,0
136.png,0,0,0,0,1,0,1,0
137.png,1,0,1,0,1,0,1,0
15b2e380d099b368800da4970c30c099.jpg,0,0,1,0,2,0,1,0
16977188178_f316ae5b4b_b.jpg,0,0,0,0,1,0,0,1
17.png,1,0,0,0,1,0,1,0
176218_191679394188315_184334104922844_577047_4788616_o.jpg,0,0,1,0,1,0,1,0
177df887724a50026cf3679e0db44bec.jpg,0,0,1,0,1,0,0,1
185431a7039b42d853a5ed52630c35e8.jpg,0,0,0,0,1,0,0,0
1901843f-8f41-40a3-9dc7-ce17150e1542.png,0,0,1,0,2,0,0,1
196.jpg,1,0,1,0,1,0,1,0
19dfa3e5bb83185ba9810a84a951a90d.jpg,0,0,0,1,0,0,1,0
1a9e288c4a224da455c6d6812d698ba9.jpg,0,0,0,1,1,0,1,0
1b38345261eaf19b38184ca77b43e8e2.jpg,0,0,0,0,1,1,0,0
1baa627a460107b827ce9f4f0a1f09b8.jpg,1,0,1,0,1,0,1,1
1ce1840ce2312835f673ef36a2743fd4.jpg,1,0,0,0,1,0,1,0
1e0a7546ec6d723db3c22a76f4a70486.jpg,0,0,0,0,1,1,0,0
1e4891fc-b141-41e3-b3fd-f2a0e193b444.png,0,0,0,0,1,0,1,0
1_6FKNfVtPHvOUyw52TU6ScA.png,0,0,1,0,2,0,1,1
1_eigiKmIdpYd2HXywnKugSA.png,0,0,1,1,2,0,1,0
1_K9RK43YZ0V6UzuGIqOuELw.jpg,0,0,1,0,2,0,1,0
1_kEAJmDmMqPb971y_xpGnbw.jpg,0,0,0,0,2,1,1,0
1_sqUbqfTBcgmLg9PZ2AmiaA.jpg,1,0,1,0,2,0,1,0
2-Figure2-1.png,1,0,1,1,1,0,1,0
2012-11-19-pies_final.jpg,0,0,0,0,1,1,0,0
2016_election_map_2x.png,0,1,1,1,0,0,1,0
2018-holiday-survey-of-consumers-1600x.png,0,0,1,1,0,0,1,0
201bbbbc1e30db5efcddec837350c4b0.jpg,0,0,1,1,0,0,1,0
20428943372_39bd95ad8d_k.jpg,0,0,1,0,1,0,1,0
20442573381_f48efe849e_k.jpg,0,0,1,1,0,0,1,0
20d657335ede1f240ef0fdbb7db9ad18.jpg,0,0,1,1,0,0,1,0
22.png,1,0,0,0,1,0,0,0
22709684209_7198ea0246_b.jpg,0,0,1,0,1,0,1,0
23.png,1,0,0,0,1,0,0,0
24.png,1,0,0,0,1,0,0,0
24faf3e5dbb98f4fe87a8beccebe6ed3.jpg,0,0,1,0,1,0,1,0
25.png,1,0,0,0,1,0,0,0
2543.webp,0,0,0,0,1,0,1,2
259e475d754e70ce24bdccafe564704b.jpg,0,0,1,0,1,0,0,1
26.png,1,0,0,0,1,0,0,0
2675b84e7696b001cc4a32a70b01cf13.jpg,1,0,1,0,1,0,1,0
27.png,1,0,0,0,0,0,0,0
27c1ab27146ef74e8c52399ae9e414b5.jpg,0,0,1,0,1,0,1,0
28efeebda25901a0eb40ad88752cd5fd.jpg,0,0,0,1,0,0,1,0
290.jpg,0,0,1,0,1,0,1,0
293510397800fbd1cc8fc03739fa6461.jpg,0,0,1,1,1,0,1,0
2c4757d7e72d077ee09bf6d3decd510b.jpg,0,0,1,0,1,0,1,0
2c94c50b-8593-4c7a-b5e3-eee39bea9d47.png,0,0,1,1,1,0,0,0
2db38c2c6b2364aa143ee1dc89d02978.jpg,1,0,1,0,0,0,1,0
2f7f01e62493b664bf36f9d003afd013.jpg,0,0,1,0,1,0,0,1
2fddbe533fd9989f4737f783eadbeb2c.jpg,0,0,1,0,1,0,1,0
30632c9c0d74841d992f41c631f86ba8.jpg,0,0,0,0,1,0,0,1
307c0f76c7e7ecfaa633f67e895b48f0.jpg,1,0,1,0,1,0,1,0
309.jpg,0,0,1,0,1,0,0,0
31776a80574237f9e3bf1ea43af46a30.jpg,0,0,0,0,1,0,0,1
31e7264b-a257-4920-965f-f7934eef0048.png,0,0,1,0,1,0,1,0
328cdea7606a7f35d7e4ec9bfcb21da0.png,0,0,1,0,1,0,0,1
32b84e6a3d0a45200dfa90f0d8979c7e.jpg,0,0,1,0,1,0,1,0
33.png,1,0,0,0,1,0,0,0
33ddf5bc-94c9-4fc2-9d96-28516387837c.png,0,0,1,1,1,0,1,0
34.png,1,0,0,0,1,0,0,0
35.png,1,0,0,0,1,0,0,0
36.png,0,0,1,0,1,0,0,0
371f50d7af5cfbb75a1840f9e4c5df31.jpg,1,0,1,0,1,1,1,0
38-million-scaped.png,0,0,1,0,0,0,0,0
38.png,1,0,1,0,1,0,1,0
39.png,1,0,0,0,1,0,0,0
3bad629eca6e946bd04def8065624c6b.jpg,0,0,0,0,1,0,1,1
3c18991803c0c48325c9379cc39dfedc.jpg,1,0,1,0,1,0,1,0
3d3779b87fa08233c1e540e60293f653.jpg,0,0,1,1,1,0,1,0
3dc2ff486d0aa1301d6c68eb4ced5a85.jpg,0,1,1,0,1,0,1,0
3e99b16b4ce92b525fa7e258d7647c8e.jpg,0,0,1,1,1,0,1,0
3e9f1c503ea2b7e39ddc4e2d83ef25c3.jpg,0,0,0,0,1,1,2,0
4.png,0,0,1,1,0,0,1,0
40.png,1,0,0,0,1,0,1,0
4020a47328ddd1de348dc9e269c596e9.jpg,1,0,1,0,0,0,1,0
41.png,1,0,0,0,0,0,1,0
41a942aa0b46039cdc0f79aaef87a541.jpg,2,0,1,0,1,0,0,1
4262e80c63055962bcd1bdc970feb499.jpg,1,0,0,0,1,0,1,0
42a400040dcfbfd33e8f5cbc9c0f0f1c.jpg,0,2,0,0,0,0,0,0
42e440df3bba4eeac777e8690db85368.jpg,1,0,1,1,1,0,1,0
44.png,1,0,0,0,1,0,0,0
4400616979_cfb777123d_c.jpg,0,0,0,0,1,1,0,0
4425414768_02d4f5df36_k.jpg,0,0,1,0,1,0,1,0
44cd02b9779c977968379acbc05cd529.png,0,0,0,0,1,1,0,0
45.png,1,0,0,0,1,0,0,0
451a9cba8dcdf58662a9df08935086cd.jpg,0,0,0,0,1,1,0,0
46.png,1,0,0,0,1,0,0,0
4637abc9af7a187f5a1dc22f05c814f7.jpg,2,0,0,0,1,0,0,0
466997fffecf9a85b14e1689aa2857bd.jpg,0,0,0,1,0,0,1,0
47.png,0,0,0,1,1,0,1,0
48.png,0,0,0,1,1,0,1,0
483a12b3ff98c652631c649a35d6d57d.jpg,0,0,0,1,1,0,1,0
49.png,0,0,0,1,1,0,1,0
499ea2dffcd259a21d46a43e47bd9b5f.jpg,0,0,1,1,1,0,1,1
4b9264bb7b68d8076078379e25374880.jpg,0,0,0,0,1,0,0,1
4cd9dd077ce6a44da907081833124f2d.jpg,0,0,0,0,1,1,1,0
4cfff9159e37f32f52c61849f0937d39.jpg,1,0,1,0,1,0,1,0
4d65eee04a5d0ae3ae448ae005854c50.jpg,0,0,0,1,1,0,1,0
4df735016c3823f74945c2b3cd012273.jpg,0,0,1,0,1,0,0,1
4f85222409c4ab813e0a8a55ce5191ff.jpg,0,0,0,0,1,0,1,0
4fc19004812bc8995c087e0ebdc50b97--bristol-uk-behance-net.jpg,0,0,1,0,1,2,0,2
4fce5bf643d15daafb1cbe3493ecf26b.jpg,0,0,0,0,1,1,0,0
4ffda6d27ea0b4d8e3ebbd43de5adcd9.jpg,1,2,0,1,1,0,0,0
50.png,0,0,0,1,1,0,1,0
5083416128_fece575c4c_o-scaled.jpg,0,0,1,0,1,0,1,0
51.png,1,0,0,0,1,0,1,0
5140085677_0e8e163e36_o.jpg,0,0,1,1,1,0,1,0
52.png,0,0,0,1,1,0,1,0
54.png,2,2,0,0,1,0,0,0
54321d7872380759e1ddeee0b424fb60.jpg,1,0,1,0,1,0,1,0
545f8bc367bde5981c73ebf4d450d9c3.jpg,0,0,1,1,1,0,0,0
54dae70184e9a_-_23-michelle-obama-7989283.avif,0,0,1,0,1,0,0,1
54ddf33b281fcb103af2e8d0abff3eb2.jpg,0,0,0,1,2,0,1,0
55.png,2,2,0,0,1,0,0,0
552c2142177dad6114515f01be1dbca8.jpg,0,0,1,1,1,0,1,0
5575645714_d464a60684_b.jpg,1,0,1,0,1,0,1,0
56.png,2,2,0,0,1,0,0,0
5689cc6ce3d9e76b96f07c43549e6037.jpg,1,0,0,0,1,0,1,0
57.png,2,2,0,0,1,0,0,0
5717d14171d7466264e270289ecfb290.jpg,1,0,1,0,1,0,1,0
58.png,2,2,0,0,1,0,0,0
5854f8c5682d5c2ba2de400b6a3b58e2.jpg,0,0,0,0,0,0,1,0
5855131788_45fc0d0d9a_b.jpg,0,0,1,1,1,0,1,0
586.png,0,0,0,0,1,0,1,0
59.png,2,2,0,0,1,0,0,0
5935cf333d479764edace8027ebc9cce.jpg,1,0,1,0,1,0,1,0
597d9ca894db0bae2c38ebb10b22a8d4.jpg,0,1,0,0,1,0,2,0
5e47979d08645b8aaba776b14c627c24.jpg,1,0,1,0,1,0,1,0
5e4890d8333200a0455bfc7b5ee9b6cd.png,0,0,0,0,0,1,0,0
60.png,2,2,0,0,1,0,0,0
60a38d919f0ccc2dd40b33ff7e8c6312.jpg,0,0,0,0,1,0,1,0
60e6d2b836b05cd69784d508cbde32ce--photo-illustration-data-visualization.jpg,0,0,1,0,1,0,1,0
61.png,2,2,0,0,1,0,0,0
62.png,1,0,0,0,0,0,0,0
62db3610d7e8c6bb24b6dbcf1b2c819d.jpg,0,0,1,0,1,1,1,0
63b1ab7ff44fc8452a5018da22757be8.jpg,0,0,1,0,1,0,0,1
63c7917f-51bb-423b-831f-b5c1563aa9a2.png,0,0,0,0,1,0,1,0
64404ca53eebbf1b2d737a2fabc8d14a--vegan-food-info-graphics.jpg,2,0,0,0,1,0,0,0
645af7591c76e8af568189cabbd3e82b.jpg,0,0,0,0,1,0,0,0
64f245724836ed50a7b827548d73a59e.jpg,1,0,1,0,1,0,1,0
65ac4931b9142e923670d500ebff3da9.jpg,0,0,0,0,1,0,0,1
6639b4bd245b1a0fb1c1bc05bd0b7eae.jpg,0,0,0,0,1,0,0,0
67.png,1,0,1,0,1,0,1,0
68465c6f5e81bde49e99eb4eab15eb69.jpg,0,0,1,1,0,0,1,0
685040fa8304721fdba5dbb34f7df681.jpg,0,0,1,0,1,0,1,0
68cb27778087854eb82c611206a91569.jpg,0,0,1,0,1,0,1,2
68decbcb7dd08c01db8529e56b216d23.jpg,0,0,1,0,1,0,1,0
6a9d1b41811f84d449459b6e0017dc2e.jpg,1,0,0,0,0,0,1,0
6c595fc33d3da3fa111acec9947347d1.jpg,0,0,0,0,1,0,1,0
6ce81e1486dc918b9b8766785e23a4ab.jpg,0,0,0,0,1,0,1,0
6dd8cb98-4a89-4a0a-9b65-5ba57eecd0b4.png,0,0,1,0,1,0,2,1
6de9464a4f425acf0c2dce41e1302cc2.jpg,0,0,1,0,1,0,1,1
6df65e8859589.560c5fb3eb340.png,1,0,1,0,1,0,1,0
6e2419df805cabcc3f034583b8ab5661.jpg,0,0,2,0,1,0,1,0
6e48d6800671f3a8835fb5d84d5cb5e5.jpg,1,0,1,0,1,0,1,0
6e554fb0515cc154db00e8ccb44f3569.jpg,0,0,0,0,1,0,0,0
6f3f8a9d7f3fa68cca57f5a799f00fa4.jpg,0,0,1,0,1,0,2,1
71d25b5bd450b5a67e28573f30ce9591.jpg,0,1,0,0,1,0,2,0
722.jpg,0,2,0,0,2,0,0,0
72b5a1198c4c4e73689a211d4f722b4e.jpg,1,0,1,0,1,0,1,0
73aff04dccadb2537d8580d126af35a5.jpg,0,0,1,0,1,0,0,1
754fa9d5bbe958f540fb27983db8d162.jpg,0,1,0,0,1,0,1,0
76.png,1,0,1,0,0,0,1,0
76c6eef8b16e0f7901f215fcf8d3ba8b.jpg,0,0,1,1,0,0,1,0
77.png,1,0,0,0,1,0,1,0
775ae18859589.560c5f381bf41.png,0,0,0,0,1,1,0,0
7867cad192381f963316bf476e0b6153.jpg,0,0,0,0,1,1,1,0
7940ea31e1528372040f5dc0c0837299.jpg,0,0,1,1,0,0,1,0
7dd20e7fec110e9f7b099d18ac644f68.jpg,0,0,1,1,1,0,1,0
7ff1b457233459eb12ea4706e4f0c759.jpg,0,0,1,1,1,0,1,0
8009b8d990483216fd3720d9044b2615.jpg,0,0,1,0,1,0,1,0
800_3516739_6d6b58f0a0100bb7dd2c557951814b7318f5e1ba-1.jpg,0,0,1,0,1,0,1,1
800_3516739_6d6b58f0a0100bb7dd2c557951814b7318f5e1ba-2.jpg,0,0,1,1,0,0,1,0
800_3516739_6d6b58f0a0100bb7dd2c557951814b7318f5e1ba-3.jpg,0,0,1,1,1,0,1,1
800_3516739_6d6b58f0a0100bb7dd2c557951814b7318f5e1ba-4.jpg,0,0,1,0,2,0,1,0
800_3516739_6d6b58f0a0100bb7dd2c557951814b7318f5e1ba-5.jpg,0,0,1,0,1,0,1,0
800_3516739_6d6b58f0a0100bb7dd2c557951814b7318f5e1ba-6.jpg,0,0,1,0,1,0,1,0
800_3516739_6d6b58f0a0100bb7dd2c557951814b7318f5e1ba-7.jpg,0,0,1,1,1,0,1,0
802e04333a56bb03d9c71801f78b17a3.jpg,0,0,1,0,1,1,1,0
8197d4bd95730339c37cfd0785003169.jpg,0,0,0,0,1,0,0,1
82.png,1,0,0,0,1,0,1,0
8232ccb1-6102-11e2-9a53-12313b016471.2be59abc-0da2-4565-8861-eba6329f18b5.jpg,0,0,0,1,0,0,1,0
83b053510b5f4f1b3c07a9e3fb9ee0a5.jpg,0,0,0,0,1,0,1,0
84.png,0,0,0,1,2,0,1,0
8628bccfed5dda37362b62270670ffd7--moritz-boston.jpg,0,0,1,0,1,0,1,0
864f6eb31ad1c58b8f61b40574fd4e59.jpg,0,0,0,0,0,0,0,0
86653de85f63d6e753f527ec3363634f.jpg,0,0,2,0,1,0,1,0
86b6d0539eeaa9b53c744aadcb318f3c.jpg,1,0,1,0,1,0,1,0
86bd8b8dc3860d7468146efa58eed9cc.jpg,0,0,0,0,0,0,0,0
87db6068507bcf872eb0bba4ead56319.jpg,1,0,1,0,1,0,1,0
880cf65c-ac54-40ae-86ed-c214163c6a63.png,0,0,0,1,1,0,1,0
88303104-16ab-48b3-ad18-e7940d4452f4.png,0,0,1,1,1,0,1,0
88399271d710db240f7827cca16abd56.jpg,0,0,0,0,0,0,0,0
89d1b16ccbdc904c82fb2757a28f819e.jpg,0,0,1,0,1,0,1,0
8c59b8fffaa4ad125de7b4adf5ae0679.jpg,0,0,0,1,1,0,1,0
8ccccd933cc3e28a17835db96da09e05.png,0,0,0,0,1,1,1,0
8ce469de6f3ab627ddff45059cd6986c.jpg,1,0,1,0,1,0,1,0
8d194292aacc069b6c57b4f072b94e79.jpg,0,0,1,1,1,0,1,0
90a964c6aec4648cf43b6e5aa5115c5b.jpg,0,0,0,0,0,0,0,0
90b5ead7b8f3af253deca79d75e0b88f.jpg,1,0,1,0,1,0,1,0
91f319b1b309846b602948c7cebba7d5.jpg,0,0,1,0,1,0,1,0
932a7ac4ea3cbe089fd0adcf54f292b8.jpg,1,0,0,0,0,0,1,0
9426ec40c06cd8f4ccb383851262ca81.jpg,0,0,0,0,1,0,1,0
951d4c11502673.560f8ae46f32a.jpg,2,0,1,0,0,1,1,0
9635744385_7e992fec0f_b.jpg,0,0,0,0,1,0,0,0
97b52b52ec62f4c99fa9bee81a332004.jpg,0,0,1,0,1,0,0,0
98897fa03a20d140f8733c0cfdc77e67.jpg,1,0,1,0,1,0,1,0
98b850fe72b8792cf60cc4b2e7194011.jpg,0,0,1,1,1,0,1,0
98dbd069-e56e-4c41-a08e-0b5dd8ffb617.png,0,0,1,1,1,0,1,1
9add33ab3132071f0e34f2117b13f9f5.jpg,0,0,0,0,1,0,1,0
9c033c53d9e502c3eed6fd403f05cad2.jpg,2,0,1,0,1,0,1,0
9c71950f3903642cbfdfc4d055316691.jpg,0,0,1,1,1,0,1,0
9c8c4032a77df4b5b55ef4b59d0e87fc.jpg,0,0,0,0,1,1,2,0
9d22d690b982fc203ba63d4d0f3e29db.jpg,0,0,0,1,1,0,1,0
9d4136ef78325d5db3f680c1a2314242.jpg,1,0,1,0,1,0,1,0
a07d6cf306c4b1bb8ab65018d20c7459.jpg,0,0,1,0,1,1,1,0
a166c7edfd07ff56bdc70e266a45a639.jpg,0,0,0,0,0,0,2,0
a1c531d5-4a75-4998-aaf4-05f69531e488.png,0,0,0,1,1,0,0,0
a1d3274a13ac35a3ec248e27c24e5b59.jpg,1,0,0,0,1,0,1,0
a2d8a1bb36c8a8ecc966f1cfaa232fca.jpg,0,0,1,0,1,0,0,1
a341ab16c1e136e80ef0198fa393bea6.jpg,0,0,1,0,1,0,1,0
a37f8ae8664a1b848cffe539c255524d.jpg,0,0,1,1,1,1,1,0
a39f1303f019643eacab225cb4781d4f.jpg,0,0,0,0,1,0,0,0
a3e5dab5ba1e5414640b65b66145d4ab.jpg,1,0,0,0,1,0,1,0
a3e694a0cfef73c6cd0a3c53bdb4b292.jpg,0,0,1,0,1,0,0,1
a575cda335e1030e62713ecbd90af9a1.jpg,0,0,0,1,1,0,1,0
a6751123dccaac41a405098b6efc4e9c.jpg,0,0,0,1,1,0,0,0
a6ab61f0-956d-46bd-a81e-e761c07906f0.png,0,0,1,1,1,0,1,0
a787de0cf0c784e10fcf88fc2c7f123b.jpg,0,0,1,0,1,0,1,1
a7936cff4cc7d25fe1e2c420ca0090db.jpg,0,0,0,0,1,0,1,0
a922e7a3-fd34-407f-a9df-062f30446ffd.png,0,0,1,1,1,0,1,0
ab8100924509560c6b55f731a0482ad5.jpg,0,0,0,0,1,0,0,0
ac7ca297c1447800abc1193e53b6ed8c--sarah-illenberger-pie-charts.jpg,1,0,1,0,1,0,1,0
acting-talent.png,0,0,0,2,0,0,1,0
activity-clock.png,0,0,0,0,1,0,0,0
AD-GRAPHIC-Cocaine1-Adult-Use-v6.jpg,0,0,1,0,0,0,1,0
aef288760962686af747e12f27303eb8.jpg,0,0,1,1,1,0,1,0
age-height-weight-players.png,0,0,1,1,0,0,1,0
aircrash-seat-illo-08071-620x558.gif,0,0,1,1,1,0,1,0
All-in-the-Family-Tree.png,0,0,1,0,1,0,1,0
all-people-world.png,1,0,0,0,1,0,1,0
All-the-volcano-eruptions-768x856.png,1,0,1,2,1,0,1,0
american-daily-routine.png,0,0,1,0,0,0,1,0
american-public-opinion-trumps-the-border-wall-1600x.png,0,0,1,1,1,0,0,0
an-incalculable-loss.png,0,0,1,2,1,0,2,0
apps.22757.3d54cdd7-1680-4c6f-b851-7453cb200391.dd00c82a-3a41-4cf2-a577-8af41fb39c73.2945229a-4d1c-4273-970e-1d2280dc8a49.png,0,0,1,1,1,0,1,0
archer-vis.jpg,0,2,1,0,0,0,1,0
article-0-1392096E000005DC-224_634x396.jpg,0,0,0,0,1,1,0,0
australia-as-100.png,0,0,0,1,1,0,1,0

b13ae0ad8c83b046965680460d1838a2.jpg,1,0,0,0,1,0,1,0
b196c77c20c1037c495bfd184c3f0c0c.jpg,0,0,1,0,1,0,0,1
b30e4d12d5e3203a2c951819cdea3d1a.jpg,0,0,0,0,1,0,0,1
b3c6928b6e123cbe0edc1015d7eae306.jpg,0,0,0,0,1,2,0,1
b4ee87cba725b73e0df477151608861c.jpg,0,0,1,0,1,0,1,0
b5342f2939a9d3aaa4caa3a92f64bc24.jpg,0,0,0,0,1,0,0,1
b562586762aa7c95bf9e8e0ba9c18bfc.jpg,0,0,0,1,1,0,1,0
b614dfd8d410c03a81ba5142f0362e3f.jpg,0,0,1,1,1,0,1,1
b7943e8859589.560c60e0427a7.png,0,0,0,0,1,0,0,0
b7b90d7f6f4dca4a3adef51393f6855e.jpg,0,0,0,0,1,0,2,0
b98b662654c1c7fa2e0a3691f9d12250.jpg,0,0,1,0,1,0,1,0
Barrie Population.png,1,0,0,0,0,0,1,0
bar_chart_fries.gif,1,0,0,0,0,0,1,0
bb226b15766125.56296a1ac4580.jpg,0,0,1,0,1,0,0,1
bc29ab826221e952bf238ff64cb8e64f.jpg,0,0,1,0,1,0,1,1
bd00a3cc3d1dab11aa996838143611fc.png,0,0,1,1,1,0,1,0
bdfa63d9c1605b9859c07a0d3129213c.jpg,0,0,1,1,1,0,1,0
be1a056afe4dfeeec77faa58f35a16ce.jpg,0,0,1,1,1,1,1,0
bf2c4ff1-f830-4207-97fa-402b1e6d5689.png,1,0,0,0,1,0,1,0
bfa702eeec04d13fc9e60d73e19eced5.jpg,1,0,1,0,1,0,0,0
bfe-infografik-grafik13-en-2018.jpg,0,0,1,0,1,0,0,1
bfe-infografik-grafik15-en-2018.jpg,0,0,1,0,1,0,1,1
bfe-infografik-grafik_14-en-2016.jpg,0,0,1,0,1,0,0,1
billionaire-index.png,0,0,1,0,1,0,1,0

blueberry-infographic-a-handful-of-health-640x1458.jpg,0,0,0,1,1,0,1,0
Brain-size.png,0,0,0,0,1,0,1,0
brazil-racial-map.png,0,2,1,0,0,0,2,0
breast cancer infographic teaser.png,0,0,1,1,1,0,0,0
breast-cancer.png,0,0,1,1,1,0,1,0
british-troops.png,0,0,0,0,0,0,0,0
budget-cuts-210x250.png,0,0,0,0,1,0,1,0
building-hopes.png,1,0,1,0,0,0,0,0
bussed-out.png,0,0,0,0,1,0,0,0
C-RpeKeXUAEYeKV.jpg,0,0,0,0,1,0,1,1
c04d9c6e71350c78c423ae7ea2902cb6--data-visualization-visualisation.jpg,0,0,0,0,0,0,0,0
c19aecbe83a64ca531ac1c5acf3de68e.jpg,0,0,0,0,1,1,1,0
c27af48f5528fcd18608ee75fdc0a3ac.jpg,1,0,1,1,1,0,1,0
c35cad8c4f8724f5272838721807d1d5.jpg,0,0,0,0,1,0,2,0
c40063b59ff21126e4e982cc54d4cc3e.jpg,0,0,2,0,1,0,0,1
c436fdf6faf51fbe07bb57c9c9405ee3.jpg,1,0,2,0,1,0,1,0
c5dd36e24af572fa488759ae120dbe3c.jpg,0,0,2,0,1,0,0,0
c6d4c0a95eb45700d69d65062c8c8945.jpg,0,0,2,0,1,0,1,0
c769e61a4ada8b1866883b18bd24c5a5.jpg,0,0,2,0,1,0,0,0
c803ee1d12406978c8bc91d4ce91e031.jpg,0,0,1,1,0,1,1,0
c85e9d0b1211dc906231caa6f607ace4.jpg,0,0,1,0,1,0,1,0
ca30221b8b09ba8af05e153d48243079.jpg,0,0,1,0,0,0,1,0
cb8f6f8f3ffdeb90f356ca1f09f84654.jpg,0,0,1,0,1,0,1,1
cddbec2a0e3481a26b29a9bbcf564c7a.jpg,0,0,0,0,1,0,1,0
cdea0bff7e0a1186cc5741d999a76ebb.jpg,0,0,1,1,1,0,2,0
ce83b4c5a6dc5708023087b1a6ee951d.jpg,1,0,1,0,1,0,1,1
celebrity-height.png,1,0,0,0,1,0,1,0
chase_population_gettingOlder.jpg,0,0,0,1,1,0,1,0
collection-infographic-people-elements-businessvector-260nw-592941407.webp,0,0,1,1,1,0,1,0
covid19-italy-reuters.png,0,0,1,1,1,0,1,0
covid19-korea-reuters.png,0,0,1,1,1,0,1,0
creative-routines.png,0,0,1,0,1,0,1,1
criancas-adotadas.png,0,0,0,0,0,0,2,0
d0fb682db47e7af834d116a8621cb9e6.jpg,1,0,1,1,1,0,0,0
d2154e6a766885d3457c96d0e31f4d7c.jpg,0,0,1,1,1,0,1,0
d36a61dd3c5c0cda9ce7a7233645b975.jpg,0,0,0,0,1,1,0,0
d440b3a2-1127-4b62-8542-612edac3c795.png,0,2,1,1,1,0,1,0
d73fc9b39eb0df68ab0bb29d4609d128.jpg,0,0,1,0,1,0,1,0
d777c88490049ecf0343a2c0773c9fa6.jpg,1,0,1,0,1,0,0,0
d97723c3c48683c77202751c4d01988e.jpg,1,0,0,0,1,0,1,0
da91713a058bd59d977cedf483661783.jpg,1,0,0,0,1,0,1,0
daily-routines-famous.png,0,0,1,0,1,0,1,0
data-strings.png,0,0,1,0,1,0,1,0
DbFgg7sW0AERalh.jpg,1,0,1,0,1,0,1,0
dc9096953d6fbfca528da902ae3ed8c4.jpg,1,0,1,0,1,2,1,0
dd4b0a23ff938bd0b41a5042768eaf24.jpg,0,0,0,0,1,0,1,0
de930034c2fa31d7723f884abf038984.jpg,0,0,1,0,1,0,1,1
death-in-syria.png,0,0,0,1,1,0,0,0
deaths-at-the-borders.png,0,0,0,1,0,0,0,0
Deaths-in-Gaza-960x483.png,0,0,1,1,0,0,0,0
df51538a6d7dabe096ad459fd3a639dc.jpg,0,0,0,0,1,0,0,0
dfa9a1e608702d3167e356f08627523a.jpg,0,0,1,0,1,0,1,0
Dinosaurs-versus-airplane-620x417.gif,0,0,0,0,1,0,1,0
displaced-people-worldwide.png,0,0,1,1,1,0,1,0
divorce-and-occupation.png,0,0,0,0,0,0,0,0
DjkFtnj.jpeg,1,0,0,0,1,0,1,0
Drawing-logos-from-memory-e1507141998998-768x693.png,0,1,0,0,0,0,0,0
drone-victims.png,0,0,1,1,1,0,1,0
DT_BA_Ib.jpg,0,0,1,0,1,0,1,0
DVP_101_200-45.png,1,0,1,0,1,0,1,0
DVP_101_200-51.png,1,0,1,0,1,0,1,0
DVP_1_100-53.png,0,0,1,0,1,0,0,1
DVP_1_100-54.png,0,0,1,0,1,0,0,1
e009bf9165af0f079312aee82c6bfe19.jpg,0,0,1,0,0,1,1,0
e0a7542eaaa464804dacc02ee1ed2cb9.jpg,0,0,0,0,1,0,2,0
e226163035651aa2fe00a83e1920e49c.jpg,0,0,1,0,0,0,1,0
e2d7dd6032f6c75cd5f7a165d57a7a71.jpg,0,0,0,0,1,0,2,0
e3f6b4aaa53ff9b1f88c0eb19fa5ed5c.jpg,0,0,0,1,1,0,1,0
e57f5e00442b2436b1ca58a855ddfee4.jpg,0,0,0,0,1,0,0,0
e588ac5e0944167d9fb91a60cbf577f2.jpg,0,0,0,0,0,0,0,0
e67a3995594729bb5ad54f79c4d33467.jpg,0,0,1,1,1,0,1,0
e8e14e266025f6e9a9f603776ecfd1a2.jpg,0,0,0,0,1,1,0,0
e909cfde3feb16fa625a3659de9b3472.jpg,1,0,1,0,1,0,1,0
e9549243d9f1630b04d4245718f4453f.jpg,0,0,0,0,1,0,1,0
eaa3eb9190fca3eb0fe5ad194a37a1cf.jpg,1,0,1,0,1,0,1,0
eb45556c3c5887cc9e52d45ebfc67d4e.jpg,0,0,0,0,1,0,0,1
ec59faa67bbcbf392c6cd16c08a9bca3.jpg,0,0,1,0,2,1,1,0
ec7edd02aa164a0f57a835823f190dbf.jpg,0,0,0,0,1,0,0,0
ecea07b401b265812b41cfcd1261a097.jpg,0,0,0,0,1,0,0,1
edcfb091817facca709262a0eed7698f-1.jpg,0,0,1,0,0,0,1,0
edcfb091817facca709262a0eed7698f-2.jpg,0,0,1,0,0,0,1,0
edcfb091817facca709262a0eed7698f-3.jpg,0,0,1,1,1,0,1,0
edcfb091817facca709262a0eed7698f-4.jpg,0,0,1,0,1,0,0,1
edcfb091817facca709262a0eed7698f-5.jpg,1,0,1,0,1,0,1,0
edcfb091817facca709262a0eed7698f-6.jpg,0,0,1,0,1,0,1,0
edcfb091817facca709262a0eed7698f-7.jpg,0,0,1,0,1,0,1,1
edcfb091817facca709262a0eed7698f-8.jpg,0,0,1,0,1,0,1,0
edcfb091817facca709262a0eed7698f-9.jpg,0,0,1,0,1,0,1,0
EDxGwm4_d.webp,0,0,1,1,1,0,1,0
efcb867cdb4902be8d8848b314ef7aa0.jpg,0,0,0,0,1,0,0,1
efcc89168b0584ba6f382e8a527cb12a.jpg,0,0,0,0,1,0,0,1
EhmEiHEoTnNzMYEhwww46A-1200-80.jpg,0,0,0,0,1,1,0,0
ethics-explorer.png,0,0,1,0,0,0,2,0
Evolution-in-design.jpg,0,0,0,0,1,0,1,0
example-excel-pictograph.png,0,0,0,1,1,0,1,0
eye-for-an-eye.png,0,0,1,1,1,0,1,0
f20783386620b121d930e28f9b19e80e.jpg,2,0,1,0,1,1,1,0
f740dc6fe2a2bd4f2ebf29ad62b242c7.jpg,0,0,1,0,1,0,1,0
f7d2739cd9bf51670504f66637eccb8e.jpg,1,0,1,0,1,0,1,0
f7da77058d3c992b3417cf1ea60efaea.jpg,0,2,0,0,0,0,0,0
f83959e7a1fc2d81226107dc0f316513.jpg,1,0,0,0,1,0,1,0
f8e43db557dbafbf029bab3f34a2db5c.jpg,0,0,1,0,1,0,0,1
f94ad3001b8834045665287389a32ff7.jpg,0,0,1,0,0,0,2,0
f9d25cfb7c546948b029c331d3e3b68c.jpg,0,0,0,0,1,0,0,1
f9e386f5d05b5f9f42b075f9e1016882.jpg,0,0,1,0,1,0,1,0
fa8025c0e4db9afc440edd45157aae73.jpg,0,0,1,0,1,0,1,0
FacialHairWmaskLG.jpg,0,0,0,0,1,0,2,0
faf6c60c329165a9eda6b23ae0282b63.jpg,0,0,0,0,1,0,0,1
fairness.png,0,0,0,0,1,0,1,0
fallen-world-war.png,0,0,1,1,1,0,1,0
famous-writers-sleep-productivity.png,0,0,1,0,0,0,1,0
fbf6b8cb192bb1a2447615bc403ac44d.jpg,0,2,1,0,0,0,1,0
fc1acee4a4a90f09a5c319b60351a063.png,0,0,0,0,1,1,1,0
fc52ef725ca3bedcee7e860cfdd273ec.jpg,0,0,0,0,1,1,0,0
fc85c722282311.56045d0ab6940.jpg,0,0,1,1,1,0,0,0
fc9673bef0bab4a2894e8462b93c2822.jpg,1,0,0,0,1,0,1,0
fd1013d292d27071471d866c0b61f3a8.jpg,0,0,1,0,1,0,0,0
feel-about-ebola.png,0,0,0,1,1,0,0,0
figure2.jpg,0,0,1,1,1,0,1,0
FishPharm.jpg,0,0,1,0,1,0,0,0
food-stamps-960x768.jpg,0,0,1,0,1,0,1,0
fortune-500-ceos-2018-1600x.png,0,0,1,1,1,0,0,0
French-fry-power-rankings.jpg,0,1,0,0,1,0,1,0
freshwater-withdrawals.webp,1,0,0,0,1,0,1,0
Game-of-Thrones-deaths-1090x589.png,0,0,1,1,1,0,1,0
gareth-holt.jpg,0,0,1,0,1,0,0,1
gemmawarrinertwenty-fifty05.jpg,0,0,0,0,1,0,0,0
gemmawarrinertwenty-fifty09.jpg,0,0,0,0,1,0,0,0
Germans-world-travel-champs-1600x.png,0,0,1,1,1,0,1,0
Gerrymandering-comic-768x396.png,0,0,1,1,1,0,1,0
GMDH02_50001.jpg,0,0,1,0,2,0,0,0
GMDH02_50002.jpg,0,0,1,1,1,0,1,0
GMDH02_50003.jpg,0,0,0,1,0,0,1,0
GMDH02_50004.jpg,0,0,0,1,1,0,1,0
GMDH02_50005.jpg,0,0,1,1,0,0,1,0
GMDH02_50006.jpg,0,0,1,1,0,0,1,0
GMDH02_50007.jpg,0,0,0,1,1,0,1,0
GMDH02_50008.jpg,0,0,1,1,0,0,1,0
GMDH02_50009.jpg,0,0,1,1,1,0,1,0
GMDH02_50010.jpg,0,0,1,1,1,0,1,0
GMDH02_50012.jpg,0,0,1,1,0,0,1,0
GMDH02_50013.jpg,0,0,1,1,1,0,1,0
GMDH02_50014.jpg,0,0,0,1,1,0,1,0
GMDH02_50015.jpg,0,0,0,1,0,0,1,0
GMDH02_50016.jpg,0,0,0,1,1,0,1,0
GMDH02_50017.jpg,0,0,1,1,1,0,1,0
GMDH02_50018.jpg,0,0,1,1,0,0,1,0
GMDH02_50019.jpg,0,0,1,1,1,0,1,0
GMDH02_50020.jpg,0,0,1,1,1,0,1,0
got-characters.png,0,1,0,0,0,0,1,0
grafico-pizza-in-brasile.jpg,0,0,0,0,1,1,0,0
Graphs-and-Charts-Picture-Graphs-2007-Top-10-Countries-by-Military-Expenditure-PPP.png,0,0,0,1,1,0,1,0
Graphs-and-Charts-Picture-Graphs-2007-Top-10-Countries-by-Military-Expenditure-PPP42.png,0,0,0,1,1,0,1,0
Graphs-and-Charts-Picture-Graphs-A-Graph-to-Show-the-Increse-in-Subscibers-on-YouTube-to-Anonymous-videos.png,1,0,1,0,1,0,1,0
Graphs-and-Charts-Picture-Graphs-Academic-Costs-For-Residents-2015-16.png,0,0,1,1,1,0,1,0
Graphs-and-Charts-Picture-Graphs-Average-Energy-Prices-For-Manufacturers (1).png,0,0,1,1,1,0,1,0
Graphs-and-Charts-Picture-Graphs-Barrie-Population82.png,0,0,1,1,0,0,1,0
Graphs-and-Charts-Picture-Graphs-Cities-With-The-Most-Skyscrapers (1).png,0,0,0,1,1,0,1,0
Graphs-and-Charts-Picture-Graphs-Computer-And-Internet-Use-At-Home-Over-Time (1).png,0,0,1,1,1,0,1,0
Graphs-and-Charts-Picture-Graphs-Manufacturing-In-America.png,1,0,1,0,1,0,1,0
Graphs-and-Charts-Picture-Graphs-Peru-Wheat-Area-And-Production (1).png,0,0,0,1,0,0,1,0
Graphs-and-Charts-Picture-Graphs-Picture-Graph.png,1,0,1,0,1,0,1,0
Graphs-and-Charts-Picture-Graphs-Population-Growth-by-Continent-2010-2013.png,1,0,1,0,0,0,1,0
Graphs-and-Charts-Picture-Graphs-Production-Of-Biofuels (1).png,1,0,1,1,1,0,1,0
Graphs-and-Charts-Picture-Graphs-Regional-Population-Growth-From-2010-To-2016.png,1,0,1,0,1,0,1,0
Graphs-and-Charts-Picture-Graphs-The-Increse-In-Subscibers-On-YouTube-To-Anonymous-Videos.png,0,0,0,1,1,0,1,0
Graphs-and-Charts-Picture-Graphs-Total-Value-of-Manufacturers-shipments.png,1,0,1,0,1,0,1,0
Graphs-and-Charts-Picture-Graphs-Unemployment-Rates-Of-Persons-25-Years-Old-And-Over.png,0,0,1,1,1,0,1,0
great-war.png,0,0,1,1,0,0,1,0
GreenbizChartjunk.jpg,0,1,0,0,1,0,1,0
gun-violence-chart.png,0,2,0,0,0,0,2,0
hand-dryness.png,0,0,1,0,1,0,1,0
history-bruce-springsteen.png,0,0,1,0,1,0,1,0
history-detainee-population.png,0,0,0,1,1,0,1,0
homework-featured-768x409.png,0,0,1,1,0,0,0,0
homicides-in-the-district.png,0,2,0,0,0,0,0,0
hostile-terrain.png,0,2,0,0,0,0,0,0
how-many-households.png,1,0,0,0,1,0,1,0
how-much-science.png,0,0,0,0,0,0,0,0
how-s-life-in-sweden-1600x.png,0,0,1,1,1,0,1,0
how-sanders-happened.png,0,0,0,0,1,0,1,0
How-to-Create-Pictographs-and-Icon-Arrays-in-Visme-6.jpg,0,0,2,1,2,2,2,2
how-trump-happened.png,0,0,1,1,1,0,1,0
i.jpg,0,0,1,0,1,1,1,0
if-only-100-twitter.png,0,0,1,1,1,0,1,0
if-world-were-100.png,0,0,1,1,1,0,1,0
image.jpg,0,0,0,0,1,1,0,0
image.png,1,0,0,0,0,0,1,0
imagegroup.jpeg,0,0,0,0,1,0,2,0
images (1).png,0,0,1,1,1,0,1,0
images (2).png,2,0,1,0,1,1,0,0
images (3).png,0,0,1,0,1,0,0,1
images(4).png,0,0,1,1,1,0,1,0
images.png,0,0,1,1,1,0,1,0



immunization-infographic.jpg,0,0,1,1,1,0,0,0
impoverished-states.png,0,0,1,1,1,0,1,0
infographic和象简历的-33622700.jpg,0,0,0,1,1,0,0,0
international-criminal-tribunals.png,0,0,1,0,0,0,1,0
ipad-expanded-battery.jpg,1,0,0,0,0,0,1,0
Is-Barack-Obama-the-President-960x737.png,0,0,1,1,1,0,1,0
isotype-comparison.jpg,0,0,1,1,1,0,1,0
isotype-only-an-ocean-10.jpg,0,0,1,1,1,0,1,0
isotype-only-an-ocean-11.jpg,0,0,1,1,1,0,1,0
isotype-only-an-ocean-13.jpg,0,0,1,1,0,0,1,0
isotype-only-an-ocean-15.jpg,0,0,1,1,1,0,1,0
isotype-only-an-ocean-16.jpg,0,0,1,1,1,0,1,0
isotype-only-an-ocean-17.jpg,0,0,1,1,1,0,1,0
isotype-only-an-ocean-7.jpg,0,0,0,0,0,0,1,0
i_Emoji-Usage-Among-Men-and-Women-Pictogram_full.jpg,0,0,1,1,1,0,1,0
i_Football-Players-with-the-most-Instagram-Followers-Pictogram_full.jpg,0,0,1,1,1,0,1,0
i_Freelance-Employer-Locations-Pictograms_full.jpg,0,0,1,0,1,0,1,1
i_Mobile-Operating-System-Market-Share-Pictogram_full.jpg,0,0,0,0,1,0,1,0
journalists-imprisoned-china.png,0,0,0,0,0,0,1,0
Kevin-Durant-shoe-falloff-768x333.png,0,0,1,1,0,0,1,0
las-vegas-shooting.png,0,0,1,1,1,0,1,0
lei60.png,0,0,1,0,1,0,1,0
llhgv40z1xrcxxdfocan.jpg,0,0,1,0,1,0,1,0
local-fatalities.png,0,2,0,0,0,0,1,0
LONDON_smoking.png,0,0,0,0,1,0,2,0
mackenzie-isotype1.jpg,0,0,1,1,0,0,1,0
mackenzie-isotype2.jpg,0,0,1,0,1,0,0,0
mackenzie-isotype3.jpg,0,1,1,1,1,0,1,0
mackenzie-isotype4.jpg,0,0,0,1,1,0,1,0
main-qimg-d8a9828129f387f538e7ac947c149ec1.webp,0,0,1,0,1,0,0,1
Map-of-happiness-768x686.png,0,0,1,0,1,0,1,0
mapping-segregation.png,0,2,0,0,0,0,2,0
march-madness.png,0,0,1,1,1,0,1,0
marriage-and-divorce.png,0,0,0,1,1,0,1,0
married-people-sex.png,1,0,0,0,1,0,1,0
mass-shooting-america.png,0,0,1,1,1,0,0,0
mcquaid-happiness.png,0,0,1,0,0,0,0,0
memory-monster.jpg,1,0,0,0,0,0,1,0
MI-CI111_NASDAQ_9U_20150302190040.jpg,0,0,0,0,1,0,0,0
millions-women.png,0,0,0,1,1,0,1,0
misfit-april.png,0,0,1,0,1,0,0,0
monthly-unemployment.png,0,0,1,0,1,0,1,0
MPI_2019_1-3_billion_people_infgr.png,0,0,1,1,1,0,0,0
my-place-world.png,0,0,1,0,1,0,0,1
nba-players-role.png,0,0,1,0,1,0,1,0
north-south-korea.png,0,0,1,1,1,0,1,0
number-unique-words.png,0,2,0,0,0,0,1,0
NZ_GraphicGuidelines_Graph13.gif,0,0,0,1,1,0,1,0
objects-stuck-desktop-1.jpg,0,0,0,1,0,0,2,0
old-charts-people.png,0,0,1,1,1,0,1,0
open-uri20140702-32143-he9e6d.jpeg,0,0,1,0,1,0,1,1
otlCliosCoffee.jpg,0,0,0,0,1,0,0,1
out-of-sight.png,0,0,1,0,0,0,1,0

people-killed-since-newton.png,0,0,1,1,1,0,2,0
percentage-married.png,0,0,1,0,1,0,1,0
personal-activities.png,0,0,1,0,0,0,0,0
philadelphia-shooting.png,0,0,1,0,0,0,1,0
pic146.png,0,0,0,0,1,0,1,0
pic181.png,1,0,0,0,1,0,1,0
pic184.png,0,0,1,0,1,0,0,0
pic186.png,1,0,0,0,1,0,1,0
pic216.png,0,0,1,1,1,0,1,0
pic218.png,0,0,1,0,1,0,0,1
pic240.png,0,0,0,0,1,0,0,0
pic266.png,0,0,0,1,1,0,1,0
pic329.png,0,0,1,1,1,0,1,0
pic363.png,0,0,1,0,1,0,1,1
pic377.png,0,0,1,1,1,0,1,0
pic401.png,0,0,1,0,1,0,1,0
pic429.png,1,0,1,0,1,0,1,0
pic431.png,1,0,1,0,1,0,1,0
pic434.png,0,0,0,1,0,1,1,0
pic463.png,0,0,1,0,0,0,0,0
pic483.png,0,0,1,2,1,0,1,0
pic505.png,0,0,0,0,0,0,1,0
pic507.png,1,0,0,0,1,0,1,0
pic525.png,0,0,1,1,0,0,1,0
pic544.png,0,0,1,0,0,0,0,0
pic583.png,0,0,1,1,1,0,1,0
pic611.png,1,0,1,0,1,0,1,0
pic662.png,1,0,1,0,1,0,1,0
pic686.png,0,0,1,0,1,0,0,1
pic73.png,0,1,1,0,1,0,1,0
pic763.png,0,0,0,0,1,0,0,1
pic767.png,1,2,1,0,1,0,1,0
pic780.png,1,1,1,0,1,0,1,0
pic896.png,0,0,0,0,1,0,1,0
pic900.png,1,0,0,0,1,0,1,0
pic906.png,0,0,1,1,1,0,1,0
pic926.png,0,0,0,0,0,0,1,0
pic954.png,1,0,0,1,1,0,1,0
pic957.png,0,0,0,0,1,0,0,0
pic967.png,0,0,1,0,1,0,1,1
pic975.png,0,0,1,0,1,0,1,0
pictogram (1).png,0,0,0,1,0,0,1,0
pictogram.png,0,0,1,1,0,1,1,0
pictograph-l.jpg,0,0,1,1,0,0,1,0
pictograph.png,0,0,1,1,1,0,1,0
poverty-in-syria.png,0,0,1,1,0,0,0,0
Predicting-mass-shooting.png,0,0,1,1,1,0,0,0
Probability-of-breakup-1090x753.png,0,0,1,1,1,0,1,0
proportion-elementary-school.png,0,0,0,1,1,0,1,0
quick-facts.png,0,0,1,1,1,0,1,0
Quocirca_PrintSecurity2019_Landscape.png,0,0,0,1,1,0,1,0
religious-itentity.png,0,2,0,0,1,0,2,0
risk-cycling.png,0,0,0,2,0,0,0,0
romania-the-most-religious-out-of-34-european-contries-1600x.png,0,0,1,1,1,0,1,0
Sample-Infographics-Computer-and-Internet-Use-in-the-United-States.png,1,0,1,0,1,0,1,0
Sample-Infographics-World-Population-Infographics.png,0,0,1,1,1,0,1,0
Sample-Pictorial-Chart-Small-Business-Statistics-UK-2013.png,1,0,0,1,1,0,1,0
san-francisco-gay.png,0,0,1,1,0,0,0,0
sarah-illenberger.jpg,0,0,1,0,1,0,1,0
Screen-shot-2012-01-20-at-3.05.28-PM6-500x357.png,0,2,0,0,1,0,1,0
Screen-Shot-2015-06-16-at-10.21.30-AM.png,0,0,1,0,1,0,1,1
Screen-Shot-2015-11-02-at-17.14.32.png,0,0,1,0,1,0,1,1
Screen-Shot-2016-05-19-at-16.34.04.png,0,0,0,0,1,0,1,0
Screen-Shot-2016-05-19-at-16.42.29.png,0,0,1,0,1,0,1,0
se-vitimas-covid-vizinhos.png,0,2,0,0,0,0,0,0
seven-billion-world.png,0,0,0,1,1,0,0,0
seven-year-itch.png,0,0,1,0,0,0,1,0
sexexperience.png,0,0,1,1,0,0,1,0
shifting-incomes.png,0,0,1,0,1,0,1,0
simulated-dendrochronology.png,0,0,2,0,1,0,2,0
Skærmbillede-2016-01-21-kl.-16.09.24.png,0,0,1,0,2,0,0,1
Skærmbillede-2016-01-22-kl.-15.44.09-300x300.png,0,0,1,1,1,0,1,0
Skærmbillede-2016-01-23-kl.-17.42.34.png,0,0,1,0,1,0,1,1
Skærmbillede-2016-01-24-kl.-21.46.03.png,0,0,0,0,1,0,0,1
Skærmbillede-2016-01-24-kl.-21.49.21-300x300.png,0,0,0,1,1,0,1,0
Skærmbillede-2016-02-02-kl.-16.06.19.png,0,0,0,0,1,0,1,0
Skærmbillede-2016-02-02-kl.-16.08.09-300x300.png,1,0,1,0,1,0,1,0
Skærmbillede-2016-02-02-kl.-16.11.19.png,0,0,1,0,1,0,1,0
Skærmbillede-2016-02-02-kl.-16.20.27.png,0,0,0,0,1,0,1,0
Skærmbillede-2016-02-02-kl.-16.32.06.png,1,0,0,0,0,0,1,0
Skærmbillede-2016-02-02-kl.-16.33.10.png,1,0,0,0,1,0,1,0
Skærmbillede-2016-02-02-kl.-16.34.00.png,0,0,0,0,1,0,1,0
Skærmbillede-2016-02-02-kl.-16.35.03.png,0,0,0,0,1,0,1,0
Skærmbillede-2016-02-02-kl.-16.36.08.png,0,0,0,0,1,0,0,0
Skærmbillede-2016-02-03-kl.-13.24.54.png,0,0,0,0,1,0,0,0
Skærmbillede-2016-02-04-kl.-10.39.19.png,1,0,0,0,1,0,1,0
Skærmbillede-2016-02-04-kl.-11.35.51.png,0,0,0,0,1,0,1,0
Skærmbillede-2016-02-10-kl.-11.15.15Paris.png,0,0,1,0,1,1,1,0
Skærmbillede-2016-02-10-kl.-11.17.34.png,0,0,1,2,1,0,1,0
Skærmbillede-2017-02-23-kl.-14.33.47.png,0,0,1,1,1,0,1,0
Skærmbillede-2017-02-23-kl.-16.25.37.png,0,0,0,1,1,0,1,0
Skærmbillede-2017-02-23-kl.-16.36.42.png,0,0,1,1,1,0,0,0
Skærmbillede-2017-02-23-kl.-16.38.30.png,0,0,1,1,1,0,0,0
Skærmbillede-2017-09-04-kl.-15.14.02.png,1,0,0,0,1,0,1,0
Skærmbillede-2017-09-04-kl.-15.15.20.png,0,0,1,0,1,0,0,1
Skærmbillede-2017-09-04-kl.-15.53.21.png,0,0,1,0,1,0,1,1
Skærmbillede-2017-09-26-kl.-14.25.19.png,0,0,1,0,1,0,0,1
Skærmbillede-2017-10-06-kl.-12.40.01.png,0,0,0,0,0,1,1,0
Social-media-vs-real-life-Democrats-1090x538.png,0,0,1,1,1,0,1,0
Speaking-the-world.jpg,1,0,1,0,1,0,1,0
statistique-du-mariage.png,0,0,0,1,1,0,1,0
staying-same-line.png,0,0,1,0,1,0,1,1
stories-behind-line.png,0,2,1,0,0,0,1,0
Superbowls-e1453420405721.png,0,0,1,1,0,0,0,0
svijet-sa-100-ljudi16.jpg,1,0,1,0,1,0,0,1
svijet-sa-100-ljudi2.jpg,0,0,0,0,1,0,0,1
symmetry-of-my-life.png,0,0,0,0,2,0,1,0
teslas-market-cap-dwarfs-15-major-automakers-yet-commands-v0-cu34ac2ndwme1.webp,0,0,1,0,1,0,0,1
testing-for-antibodies.png,0,0,1,1,1,0,0,0
th-10_10_ff1.jpg,0,0,0,0,1,0,0,0
th-10_10_ff3.jpg,0,0,0,0,1,0,0,0
the-impatient-list.png,0,0,1,0,1,0,1,0
The-Most-Common-Drugs-in-the-World-Cannabis.jpg,1,2,1,0,1,0,2,0
the-workers.png,0,0,0,0,0,0,0,0
the-worlds-best-selling-whiskies-v0-84zmx1m0q4me1.webp,0,0,1,0,1,0,1,0
theinfocapital_passports.png,1,0,1,0,1,0,1,0
Timeline-of-Earth-1090x856.png,0,0,0,0,1,0,0,0
TIM截图20200302124924.png,1,0,0,1,1,0,1,0
TIM截图20200313165038.png,1,0,1,0,1,0,1,0
TIM截图20200313165059.png,1,0,1,0,1,0,1,0
TIM截图20200313165134.png,1,0,1,0,1,0,1,0
TIM截图20200313165144.png,1,0,1,0,1,0,1,0
TIM截图20200313165204.png,1,0,1,0,1,0,1,0
TIM截图20200313165401.png,0,0,1,1,0,0,1,0
TIM截图20200313165423.png,0,0,1,1,0,0,1,0
TIM截图20200313165645.png,1,0,0,0,1,0,1,0
TIM截图20200313165701.png,0,0,1,1,1,0,1,0
TIM截图20200313170221.png,0,0,1,1,1,0,1,0
TIM截图20200313170257.png,0,0,0,0,1,0,1,0
TIM截图20200313170320.png,0,0,0,0,1,0,1,0
TIM截图20200313170606.png,0,0,0,1,1,0,1,0
TIM截图20200313170710 autumn.png,0,0,1,1,1,0,1,0
TIM截图20200313170745.png,0,0,1,0,1,0,1,0
TIM截图20200313170949.png,0,0,0,1,1,0,0,0
TIM截图20200313171929.png,0,0,0,1,0,0,1,0
TIM截图20200313210332.png,0,0,0,1,1,0,1,0
TIM截图20200313210347.png,0,0,2,0,1,0,1,0
TIM截图20200313212441.png,0,0,1,1,1,0,1,0
TIM截图20200323110208.png,0,0,0,1,1,0,1,0
TIM截图20200323110225.png,0,0,0,0,1,0,0,0
TIM截图20200323110251.png,0,0,0,1,0,0,0,0
TIM截图20200323110306.png,0,0,0,0,1,0,0,0
TIM截图20200323110319.png,0,0,0,0,1,0,0,0
TIM截图20200323110331.png,0,0,1,1,1,0,0,0
TIM截图20200323114806.png,0,1,0,0,1,0,1,0
TIM截图20200323114823.png,1,0,0,0,1,0,1,0
TIM截图20200323114827.png,0,0,0,1,1,0,1,0
TIM截图20200323114835.png,0,0,1,1,0,0,1,0
TIM截图20200323114847.png,0,0,0,0,1,0,1,0
TIM截图20200323114855.png,0,0,1,1,1,0,0,0
TIM截图20200323114901.png,0,0,1,1,0,0,0,0
TIM截图20200323114905.png,0,0,1,0,1,0,1,0
TIM截图20200323114939.png,0,0,1,0,1,0,1,0
TIM截图20200323114943.png,1,0,1,0,1,0,1,0
TIM截图20200323114950.png,0,0,1,1,1,0,0,0
TIM截图20200323115008.png,0,0,0,1,1,0,0,0
TIM截图20200323115021.png,0,0,0,0,1,0,1,0
TIM截图20200323115047.png,1,0,1,0,1,0,1,0
TIM截图20200323115103.png,1,0,1,0,1,0,1,0
TIM截图20200323115108.png,0,0,0,0,1,0,0,0
TIM截图20200323115142.png,0,0,1,1,2,0,0,0
TIM截图20200323115146.png,1,0,0,0,1,0,1,0
TIM截图20200323115151.png,1,0,1,0,1,0,2,1
TIM截图20200323115215.png,0,0,0,0,1,0,1,0
TIM截图20200323115235.png,0,0,0,0,1,0,1,0
TIM截图20200323115243.png,0,0,1,0,1,0,1,0
TIM截图20200323115249.png,0,0,0,0,1,0,0,0
TIM截图20200323115259.png,0,0,0,0,1,0,0,0
TIM截图20200323115452.png,0,0,1,0,1,0,0,1
TIM截图20200323115503.png,0,0,1,1,1,0,0,0
TIM截图20200323115527.png,0,0,1,0,0,0,1,1
TIM截图20200323115537.png,0,0,0,1,1,0,0,0
TIM截图20200323115541.png,0,0,0,1,1,0,0,0
TIM截图20200323115548.png,0,0,0,0,1,0,0,0
TIM截图20200323115609.png,0,0,0,0,1,0,0,0
TIM截图20200323115628.png,0,0,1,0,1,0,2,0
TIM截图20200323115718.png,0,0,1,0,1,0,1,0
TIM截图20200323115739.png,0,0,0,1,1,0,1,0
TIM截图20200323115808.png,0,0,1,1,1,0,1,0
TIM截图20200323115830.png,0,0,1,0,1,1,1,0
TIM截图20200323115846.png,0,0,1,0,1,0,1,0
TIM截图20200323115906.png,0,0,1,0,1,0,1,0
TIM截图20200323115914.png,0,0,1,1,1,0,1,0
TIM截图20200323115920.png,0,0,0,1,0,0,0,0
TIM截图20200323115924.png,1,0,0,0,0,0,1,0
TIM截图20200323115958.png,0,0,0,0,1,0,0,0
TIM截图20200323120029.png,0,0,1,1,1,0,1,0
TIM截图20200323120043.png,0,0,1,1,1,0,1,0
TIM截图20200323120055.png,0,0,0,0,1,0,1,0
TIM截图20200323120109.png,0,0,1,1,1,0,1,0
TIM截图20200323120133.png,0,0,1,0,1,0,1,1
TIM截图20200323120154.png,0,0,1,1,1,0,1,0
TIM截图20200323120158.png,0,0,0,0,1,0,1,0
TIM截图20200323120203.png,0,0,1,1,1,0,1,0
TIM截图20200323120210.png,0,0,1,1,1,0,1,0
TIM截图20200323120216.png,0,0,1,0,1,0,1,1
TIM截图20200323120220.png,0,0,1,0,1,0,1,1
TIM截图20200323120225.png,0,0,1,0,1,0,1,1
TIM截图20200323120257.png,0,0,0,0,1,0,2,1
TIM截图20200323120311.png,1,0,1,0,1,0,1,0
TIM截图20200323120325.png,0,0,1,1,1,0,1,0
TIM截图20200323120330.png,0,0,1,0,1,0,1,1
TIM截图20200323120343.png,1,0,0,0,1,0,1,0
TIM截图20200323120401.png,0,0,0,0,1,0,1,0
TIM截图20200323120501.png,1,0,0,0,1,0,1,0
TIM截图20200323120517.png,0,0,1,0,1,0,1,1
TIM截图20200323120541.png,0,0,1,0,1,0,0,1
TIM截图20200323120545.png,0,0,1,0,1,0,1,1
TIM截图20200323120620.png,0,0,1,0,1,0,1,0
TIM截图20200323120628.png,0,0,0,0,1,0,1,0
TIM截图20200323120638.png,1,0,1,0,1,0,1,0
TIM截图20200323120649.png,0,0,1,1,0,0,1,0
TIM截图20200323120656.png,0,0,0,1,1,0,2,0
TIM截图20200323120701.png,1,0,1,0,1,0,1,0
TIM截图20200323120713.png,1,0,0,1,1,0,1,0
TIM截图20200323120724.png,0,0,1,1,0,0,1,0
TIM截图20200323120731.png,0,0,1,0,1,0,2,1
TIM截图20200323120745.png,1,0,0,0,1,0,1,0
TIM截图20200323120800.png,0,0,1,0,1,0,0,0
TIM截图20200323120804.png,0,0,1,1,1,0,0,0
TIM截图20200323120810.png,0,0,1,1,0,0,0,0
TIM截图20200323120815.png,0,0,1,1,1,0,0,0
TIM截图20200323120819.png,0,0,1,1,1,0,0,0
TIM截图20200323120824.png,0,0,1,1,1,0,0,0
TIM截图20200323120832.png,0,0,1,0,0,0,0,0
TIM截图20200323120849.png,0,0,0,1,1,0,0,0
TIM截图20200323120853.png,0,0,0,1,1,0,0,0
TIM截图20200323120904.png,0,0,1,1,1,0,1,0
TIM截图20200323120916.png,0,0,0,1,1,0,1,0
TIM截图20200323120922.png,1,0,1,0,1,0,1,0
TIM截图20200323120942.png,0,0,1,1,1,0,1,0
TIM截图20200323120950.png,1,0,0,0,1,0,1,0
TIM截图20200323121018.png,0,0,1,0,1,0,0,1
TIM截图20200323121028.png,0,0,1,0,1,0,0,1
TIM截图20200323121135.png,0,0,0,2,0,0,0,0
TIM截图20200323121140.png,0,0,1,2,1,0,0,0
TIM截图20200323121148.png,0,0,1,1,0,0,0,0
TIM截图20200323121203.png,0,0,0,0,1,0,1,0
TIM截图20200323121208.png,0,0,1,1,1,0,0,0
TIM截图20200323121214.png,0,0,1,1,1,0,0,0
TIM截图20200323121221.png,0,0,0,0,1,0,1,0
TIM截图20200323121229.png,0,0,0,0,1,0,0,0
TIM截图20200323121233.png,0,0,0,0,1,0,0,0
TIM截图20200323121327.png,0,0,1,0,1,0,2,1
TIM截图20200323121333.png,2,0,1,0,1,0,1,0
TIM截图20200323121346.png,0,0,1,1,1,0,0,0
TIM截图20200323121354.png,0,0,0,0,1,0,0,0
TIM截图20200323121358.png,0,0,0,0,1,0,0,0
TIM截图20200323121402.png,0,0,0,0,1,0,0,0
TIM截图20200323121406.png,0,0,0,0,1,0,0,0
TIM截图20200323121411.png,0,0,1,0,1,0,0,1
TIM截图20200323121418.png,1,0,0,0,1,0,1,0
TIM截图20200323121429.png,0,0,1,0,1,0,0,1
TIM截图20200323121442.png,0,0,0,0,1,0,1,0
TIM截图20200323121447.png,0,0,1,1,1,0,1,0
TIM截图20200323121452.png,0,0,0,1,1,0,1,0
TIM截图20200323121458.png,0,0,1,0,1,0,1,1
TIM截图20200323121513.png,1,0,1,0,1,0,1,0
TIM截图20200323121525.png,1,0,0,0,1,0,1,0
TIM截图20200323121531.png,0,0,1,0,1,0,1,1
TIM截图20200323121535.png,0,0,1,0,1,0,1,1
TIM截图20200323121539.png,0,0,0,0,1,0,1,0
TIM截图20200323121545.png,0,0,0,1,1,0,1,0
TIM截图20200323121550.png,0,0,1,0,1,0,1,1
TIM截图20200323121601.png,0,0,0,0,1,0,1,0
TIM截图20200323121611.png,0,0,1,0,1,0,1,1
TIM截图20200323121625.png,0,0,1,0,1,0,1,1
TIM截图20200323121631.png,1,0,1,0,1,0,1,0
TIM截图20200323121635.png,0,0,1,0,1,0,1,1
TIM截图20200323121653.png,0,0,1,0,1,0,1,0
TIM截图20200323121658.png,0,0,0,0,1,0,1,0
TIM截图20200323121705.png,0,0,1,0,1,0,2,1
TIM截图20200323121711.png,0,0,1,1,1,0,2,1
TIM截图20200323121716.png,0,0,0,0,0,0,1,0
TIM截图20200323121722.png,0,0,1,0,1,0,1,1
TIM截图20200323121728.png,1,0,1,0,1,0,0,0
TIM截图20200323121733.png,0,0,1,1,1,0,0,1
TIM截图20200323121737.png,0,0,1,0,1,0,0,0
TIM截图20200323121743.png,0,0,1,0,1,0,1,0
TIM截图20200323121748.png,0,0,1,1,0,0,0,0
TIM截图20200323121753.png,0,0,1,1,0,0,1,0
TIM截图20200323121904.png,0,0,0,1,1,0,0,0
TIM截图20200323121909.png,0,0,1,0,1,0,0,0
TIM截图20200323121925.png,0,0,1,0,1,0,1,0
TIM截图20200323121931.png,0,0,1,0,1,0,1,0
TIM截图20200323121936.png,0,0,1,1,1,0,1,0
TIM截图20200323121942.png,0,0,1,1,1,0,1,0
TIM截图20200323121949.png,0,0,1,0,1,0,1,0
TIM截图20200323122029.png,1,0,1,0,1,0,1,0
TIM截图20200323122033.png,1,0,1,0,1,0,1,0
TIM截图20200323122225.png,0,0,1,0,1,0,1,0
TIM截图20200323122240.png,0,0,0,0,1,0,1,0
TIM截图20200323122246.png,1,0,1,0,1,0,1,0
TIM截图20200323122254.png,0,0,0,0,1,0,1,0
TIM截图20200323122341.png,1,0,0,0,1,0,1,0
TIM截图20200323122349.png,1,0,0,0,1,0,1,0
TIM截图20200323122414.png,1,0,0,0,1,0,1,0
TIM截图20200323122428.png,0,0,1,0,1,0,1,0
TIM截图20200323122457.png,0,0,1,0,1,0,1,0
TIM截图20200323122513.png,0,0,0,1,1,0,1,0
TIM截图20200323122519.png,0,0,1,0,1,0,1,0
TIM截图20200323122537.png,0,1,0,0,1,0,1,0
TIM截图20200323122547.png,0,0,0,0,1,0,1,0
TIM截图20200323122553.png,0,0,0,1,1,0,1,0
TIM截图20200323122601.png,0,0,1,0,1,0,1,0
TIM截图20200323122627.png,0,0,0,0,1,0,0,0
TIM截图20200323122638.png,0,0,0,0,1,0,1,0
TIM截图20200323122642.png,0,0,0,1,1,0,1,0
TIM截图20200323122741.png,0,0,1,0,1,0,1,0
TIM截图20200323122751.png,0,0,1,0,1,0,0,0
TIM截图20200323122755.png,0,0,0,1,1,0,0,0
TIM截图20200323122804.png,0,0,1,0,1,0,1,1
TIM截图20200323122817.png,0,0,1,1,1,0,0,0
TIM截图20200323122828.png,0,0,1,0,1,0,0,1
TIM截图20200323122836.png,0,0,1,1,1,0,1,1
TIM截图20200323122859.png,0,0,1,0,1,0,1,1
TIM截图20200323122916.png,1,0,0,0,1,0,1,1
TIM截图20200323122922.png,1,0,1,0,1,0,1,0
TIM截图20200323122939.png,0,0,0,1,1,0,0,0
TIM截图20200323122959.png,0,0,0,0,1,0,2,0
TIM截图20200323123009.png,0,0,1,0,1,0,1,1
TIM截图20200323123026.png,0,0,1,0,1,0,1,1
TIM截图20200323123058.png,0,0,0,1,1,0,1,0
TIM截图20200323123105.png,1,0,1,0,1,0,1,0
TIM截图20200323123111.png,1,0,0,0,1,0,0,1
TIM截图20200323123127.png,0,1,0,0,1,0,1,0
TIM截图20200323123136.png,0,0,0,1,0,0,1,0
TIM截图20200323123142.png,0,0,1,0,1,0,0,1
TIM截图20200323123157.png,0,0,0,0,1,0,1,0
TIM截图20200323123215.png,0,0,1,0,1,0,0,1
TIM截图20200323123232.png,0,0,1,0,1,0,0,1
TIM截图20200323123248.png,0,0,0,0,1,0,1,0
TIM截图20200323123308.png,0,0,1,0,1,0,1,0
TIM截图20200323123318.png,0,0,0,0,1,0,1,0
TIM截图20200323123327.png,0,0,0,0,1,0,0,0
TIM截图20200323123330.png,0,0,1,0,1,0,1,0
TIM截图20200323123349.png,0,0,1,1,1,0,0,0
TIM截图20200323123401.png,0,0,0,1,1,0,1,0
TIM截图20200323123413.png,1,0,0,0,1,0,1,0
TIM截图20200323123420.png,0,0,1,0,1,0,1,0
TIM截图20200323123435.png,0,0,1,0,1,0,1,1
TIM截图20200323123446.png,0,0,1,1,1,0,0,1
TIM截图20200323123452.png,0,0,1,0,1,0,2,1
TIM截图20200323123503.png,1,0,0,0,0,0,1,0
TIM截图20200323123522.png,0,0,1,0,1,0,1,0
TIM截图20200323123533.png,0,0,0,1,2,0,0,0
TIM截图20200323123540.png,0,0,0,1,2,0,0,0
TIM截图20200323123547.png,0,0,1,1,1,0,0,0
TIM截图20200323123559.png,0,0,1,0,1,0,1,1
TIM截图20200323123607.png,0,0,1,0,1,0,1,0
TIM截图20200323123711.png,0,0,1,0,1,0,1,0
TIM截图20200323123722.png,0,0,1,0,1,0,1,0
TIM截图20200323123733.png,0,0,1,0,1,0,1,0
TIM截图20200323123747.png,0,0,1,0,1,0,1,0
TIM截图20200323123800.png,0,0,1,0,1,0,1,1
TIM截图20200323123827.png,0,0,1,1,1,0,0,0
TIM截图20200323123839.png,0,0,1,1,1,0,1,0
TIM截图20200323123902.png,0,0,1,0,1,0,1,0
TIM截图20200323123910.png,0,0,1,1,1,0,0,0
TIM截图20200323123937.png,0,0,1,0,1,0,0,1
TIM截图20200323123942.png,1,0,0,0,1,0,1,0
TIM截图20200323123947.png,0,0,1,1,0,0,1,0
TIM截图20200323123951.png,0,0,0,0,1,0,0,0
TIM截图20200323123956.png,0,0,0,0,1,0,1,0
TIM截图20200323124009.png,0,0,1,0,1,0,1,1
TIM截图20200323124015.png,0,0,1,1,1,0,1,1
TIM截图20200323124030.png,0,0,1,1,1,0,0,0
TIM截图20200323124036.png,0,0,1,0,1,0,1,1
TIM截图20200323124054.png,0,0,1,0,1,0,1,1
TIM截图20200323124112.png,0,0,0,0,1,0,1,0
TIM截图20200323124129.png,0,0,1,1,1,0,1,0
TIM截图20200323124136.png,1,0,1,0,1,0,1,0
TIM截图20200323124147.png,0,0,0,0,0,0,0,0
TIM截图20200323124151.png,0,0,1,1,1,0,1,0
TIM截图20200323124200.png,0,0,0,1,1,0,0,0
TIM截图20200323124209.png,0,0,1,1,1,0,1,0
TIM截图20200323124212.png,1,0,1,0,1,0,1,0
TIM截图20200323124216.png,0,0,0,0,1,0,1,0
TIM截图20200323124219.png,0,0,1,0,1,0,1,1
TIM截图20200323124249.png,0,0,1,0,1,0,0,1
TIM截图20200323124253.png,0,0,1,1,1,0,1,0
TIM截图20200323124301.png,0,0,0,0,1,0,1,0
TIM截图20200323124305.png,0,0,1,1,1,0,1,0
TIM截图20200323124308.png,0,0,0,0,1,0,1,0
TIM截图20200323124318.png,0,0,0,0,1,0,1,0
TIM截图20200323124325.png,0,0,0,0,1,0,1,0
TIM截图20200323124334.png,0,0,1,0,1,0,1,1
TIM截图20200323124358.png,0,0,1,0,1,0,1,1
TIM截图20200323124401.png,0,0,0,0,1,0,1,0
TIM截图20200323124405.png,0,0,0,0,1,0,1,0
TIM截图20200323124415.png,0,0,0,0,1,0,1,0
TIM截图20200323124421.png,0,0,1,1,1,0,2,0
TIM截图20200323124434.png,0,0,1,0,1,0,1,0
TIM截图20200323124449.png,0,0,1,1,1,0,1,0
TIM截图20200323124457.png,0,0,1,0,1,0,1,0
TIM截图20200323124505.png,0,2,1,0,1,0,1,0
TIM截图20200323124509.png,0,0,1,0,1,0,0,0
TIM截图20200323124513.png,0,0,1,0,1,0,1,0
TIM截图20200323124517.png,0,0,1,1,1,0,1,0
TIM截图20200323124525.png,1,0,0,0,1,0,1,0
TIM截图20200323124529.png,0,0,0,1,1,0,1,0
TIM截图20200323124533.png,0,0,1,0,1,0,1,0
TIM截图20200323124538.png,0,0,1,0,1,0,1,1
TIM截图20200323124552.png,0,0,0,1,1,0,0,0
TIM截图20200323124606.png,0,0,0,1,0,0,0,0
TIM截图20200323124611.png,0,0,1,0,0,0,1,0
TIM截图20200323124615.png,0,0,0,0,1,0,1,0
TIM截图20200323124620.png,0,0,0,0,1,0,1,0
TIM截图20200323124626.png,0,0,1,0,0,1,1,0
TIM截图20200323124630.png,0,0,0,1,1,0,1,0
TIM截图20200323124637.png,0,0,1,1,1,0,1,0
TIM截图20200323124641.png,0,0,1,0,1,0,1,0
TIM截图20200323124653.png,0,0,0,0,1,0,1,0
TIM截图20200323124657.png,0,0,0,1,1,0,0,0
TIM截图20200323124713.png,0,0,1,0,1,0,0,1
TIM截图20200323124718.png,1,0,1,0,1,0,1,1
TIM截图20200323124831.png,0,0,0,0,1,0,2,0
TIM截图20200323124838.png,0,0,0,0,1,0,0,0
TIM截图20200323124848.png,0,0,0,0,1,0,1,0
TIM截图20200323124855.png,2,0,0,2,0,0,1,0
TIM截图20200323124902.png,0,0,0,1,1,0,1,0
TIM截图20200323124907.png,0,0,0,1,1,0,0,0
TIM截图20200323124918.png,0,0,0,0,1,0,0,0
TIM截图20200323124924.png,1,0,0,0,1,0,1,0
TIM截图20200323124942.png,0,0,1,1,0,0,0,0
TIM截图20200323124947.png,0,0,1,0,1,0,0,0
TIM截图20200323124952.png,0,0,1,1,1,0,0,0
TIM截图20200323125000.png,0,0,0,1,1,0,0,0
TIM截图20200323125005.png,1,0,0,0,1,0,1,0
TIM截图20200323125010.png,0,0,1,1,1,0,0,0
TIM截图20200323125013.png,1,0,1,0,1,0,1,0
TIM截图20200323125018.png,1,0,1,0,1,0,1,0
TIM截图20200323125023.png,0,0,0,0,1,0,1,0
TIM截图20200323125109.png,0,0,1,0,1,0,1,1
TIM截图20200323125136.png,0,0,0,1,1,0,1,0
TIM截图20200323125145.png,0,0,0,1,1,0,1,0
TIM截图20200323125150.png,0,0,1,2,0,0,0,0
TIM截图20200323125221.png,0,0,1,0,1,0,1,0
TIM截图20200323125232.png,1,1,1,0,1,0,1,0
TIM截图20200323125311.png,0,0,0,0,1,0,0,1
TIM截图20200323125314.png,0,0,1,1,1,0,0,0
TIM截图20200323125321.png,0,0,0,0,1,0,1,0
TIM截图20200323125325.png,1,0,0,0,1,0,1,0
TIM截图20200323125337.png,0,0,0,0,1,0,1,0
TIM截图20200323125357.png,1,0,1,0,1,0,1,0
TIM截图20200323125405.png,0,0,1,0,0,0,1,0
TIM截图20200323125411.png,0,0,1,1,0,0,1,0
TIM截图20200323125425.png,0,0,0,0,1,0,0,0
TIM截图20200323125432.png,0,0,0,0,1,0,0,0
TIM截图20200323125439.png,0,0,0,0,1,0,0,0
TIM截图20200323125443.png,0,0,1,0,1,0,0,0
TIM截图20200323125446.png,0,0,1,1,1,0,0,0
TIM截图20200323125451.png,0,0,0,1,1,0,0,0
TIM截图20200323125457.png,1,0,1,2,1,0,1,0
TIM截图20200323125502.png,1,0,1,0,0,0,1,0
TIM截图20200323125509.png,0,0,1,0,1,0,1,0
TIM截图20200323125512.png,0,0,1,0,1,0,1,0
TIM截图20200323125518.png,0,0,0,0,1,0,1,0
TIM截图20200323125526.png,0,0,0,0,1,0,1,0
TIM截图20200323125530.png,0,0,0,0,0,0,1,0
TIM截图20200323125533.png,1,0,1,0,1,0,1,1
TIM截图20200323125540.png,0,0,0,0,1,0,0,1
TIM截图20200323125549.png,0,0,1,0,1,0,1,0
TIM截图20200323125554.png,0,1,0,0,1,0,1,0
TIM截图20200323125601.png,0,0,1,0,1,0,1,1
TIM截图20200323125615.png,0,0,1,1,1,0,1,0
TIM截图20200323125621.png,0,0,1,0,1,0,1,1
TIM截图20200323125629.png,0,0,2,0,1,0,1,1
TIM截图20200323125634.png,1,0,0,0,1,0,1,0
TIM截图20200323125644.png,0,0,1,0,1,0,1,1
TIM截图20200323125648.png,0,0,1,0,1,0,1,1
TIM截图20200323125652.png,0,0,1,1,1,0,0,0
TIM截图20200323125657.png,0,0,0,1,1,0,0,0
TIM截图20200323125702.png,1,0,0,0,1,0,1,0
TIM截图20200323125706.png,1,0,0,0,1,0,1,0
TIM截图20200323125710.png,1,0,1,0,1,0,1,0
TIM截图20200323125715.png,1,0,0,0,1,0,1,0
TIM截图20200323125721.png,1,0,0,0,1,0,1,0
TIM截图20200323125726.png,1,0,0,0,1,0,1,0
TIM截图20200323125733.png,0,0,1,0,1,0,1,1
TIM截图20200323125744.png,1,0,1,0,1,0,1,0
TIM截图20200323125752.png,0,0,0,1,0,0,0,0
TIM截图20200323125758.png,0,0,0,1,0,0,0,0
TIM截图20200323125803.png,0,0,1,1,1,0,1,0
TIM截图20200323143255.png,0,0,0,1,1,0,1,0
TIM截图20200522160518.png,0,0,0,1,1,0,1,0
TIM截图20200522160545.png,0,0,1,0,1,0,1,1
TIM截图20200522161009.png,0,0,0,0,1,0,0,0
TIM截图20200522161033.png,0,0,1,1,1,0,0,0
TIM截图20200522161046.png,0,0,1,0,1,0,1,0
TIM截图20200522161101.png,0,0,0,0,1,0,1,0
TIM截图20200522161131.png,0,0,0,0,1,0,0,0
TIM截图20200522161136.png,0,0,0,0,1,0,0,0
TIM截图20200522161157.png,0,0,1,0,1,0,1,0
TIM截图20200522161207.png,0,0,1,1,2,0,1,0
TIM截图20200522161217.png,0,0,1,1,1,0,1,0
TIM截图20200522161328.png,0,0,1,0,1,0,1,1
TIM截图20200522161333.png,0,0,1,1,1,0,1,0
TIM截图20200522161347.png,1,0,1,0,1,0,1,0
TIM截图20200522161353.png,0,0,1,0,0,0,1,0
TIM截图20200522161358.png,1,0,1,0,1,0,1,0
TIM截图20200522161500.png,0,0,1,1,1,0,1,0
TIM截图20200522161520.png,0,0,0,0,1,0,1,0
TIM截图20200522161636.png,0,0,1,0,1,0,1,1
TIM截图20200522161650.png,1,0,1,0,1,0,1,0
TIM截图20200522161702.png,0,0,0,1,1,0,0,0
TIM截图20200522161714.png,0,0,1,0,0,0,0,1
TIM截图20200522161833.png,0,0,1,1,1,0,1,0
TIM截图20200522161938.png,0,0,1,1,1,0,1,0
TIM截图20200522162005.png,0,0,1,1,1,0,2,0
TIM截图20200522162017.png,0,0,1,1,1,0,0,1
TIM截图20200522162023.png,0,0,1,0,1,0,1,1
TIM截图20200522162053.png,0,0,1,0,1,0,1,0
TIM截图20200522162127.png,0,0,0,1,1,0,1,0
TIM截图20200522162217.png,0,0,1,1,1,0,1,0
TIM截图20200522162246.png,0,0,1,1,1,0,0,0
TIM截图20200522162303.png,0,0,1,1,1,0,1,0
TIM截图20200522162402.png,0,1,1,1,1,0,1,0
TIM截图20200522162515.png,0,0,0,0,1,0,1,0
TIM截图20200522162614.png,0,0,0,1,1,0,1,0
TIM截图20200522162919.png,0,0,0,0,1,0,1,0
TIM截图20200522162926.png,1,0,0,0,1,0,1,0
TIM截图20200522162935.png,0,0,0,0,1,0,1,0
TIM截图20200522162943.png,0,0,0,0,1,0,1,0
TIM截图20200522163013.png,0,0,1,1,1,0,1,0
TIM截图20200522163101.png,0,0,0,0,1,0,1,0
TIM截图20200522163154.png,0,0,1,1,1,0,1,0
TIM截图20200522163220.png,0,0,0,1,1,0,1,0
TIM截图20200522163226.png,0,0,1,1,1,0,1,0
TIM截图20200522163238.png,0,0,1,1,1,0,1,0
TIM截图20200522163329.png,1,0,1,0,1,0,1,0
TIM截图20200522163335.png,0,0,1,1,1,0,1,0
TIM截图20200522163342.png,0,0,1,1,1,0,1,0
TIM截图20200522163350.png,0,0,1,1,1,0,1,0
TIM截图20200522163404.png,0,0,0,1,1,0,1,0
TIM截图20200522163413.png,0,0,0,0,1,0,1,0
TIM截图20200522163431.png,0,0,0,1,1,0,1,0
TIM截图20200522163625.png,1,0,0,0,1,0,1,0
TIM截图20200522163631.png,0,0,0,1,1,0,1,0
TIM截图20200522163637.png,0,0,0,1,1,0,1,0
TIM截图20200522163643.png,0,0,0,1,1,0,1,0
TIM截图20200522163649.png,0,0,0,1,1,0,1,0
TIM截图20200522163703.png,0,0,0,1,1,0,1,0
TIM截图20200522163720.png,0,0,0,1,1,0,1,0
TIM截图20200522163728.png,0,0,0,1,1,0,1,0
TIM截图20200522163734.png,0,0,0,1,1,0,1,0
TIM截图20200522163741.png,0,0,0,1,1,0,1,0
TIM截图20200522163749.png,0,0,0,1,1,0,1,0
TIM截图20200522163833.png,0,0,0,1,1,0,1,0
TIM截图20200522163841.png,0,0,1,0,1,0,1,0
TIM截图20200522163848.png,0,0,0,1,1,0,1,0
TIM截图20200522163853.png,0,0,0,1,1,0,1,0
TIM截图20200522163859.png,0,0,0,1,1,0,1,0
TIM截图20200522163905.png,0,0,0,1,1,0,1,0
TIM截图20200522163910.png,0,0,0,1,1,0,1,0
TIM截图20200522163915.png,0,0,0,1,1,0,1,0
TIM截图20200522163920.png,0,0,0,1,1,0,1,0
TIM截图20200522163927.png,0,0,0,1,1,0,1,0
TIM截图20200522163932.png,0,0,0,1,1,0,1,0
TIM截图20200522163936.png,0,0,0,1,1,0,1,0
TIM截图20200522163944.png,0,0,0,1,1,0,1,0
TIM截图20200522163950.png,0,0,0,1,1,0,1,0
TIM截图20200522163955.png,0,0,0,1,1,0,1,0
TIM截图20200522163959.png,0,0,0,1,1,0,1,0
TIM截图20200522164003.png,0,0,0,1,1,0,1,0
TIM截图20200522164012.png,2,0,1,0,1,0,1,0
TIM截图20200522164016.png,0,0,0,1,1,0,1,0
TIM截图20200522164022.png,0,0,0,1,1,0,1,0
TIM截图20200522164026.png,0,0,0,1,1,0,1,0
TIM截图20200522164030.png,0,0,0,1,1,0,1,0
TIM截图20200522164034.png,0,0,0,1,1,0,1,0
TIM截图20200522164038.png,0,0,0,1,1,0,1,0
TIM截图20200604131141.png,0,0,0,0,1,0,0,0
TIM截图20200604131314.png,0,0,1,1,2,0,1,0
TIM截图20200604131410.png,0,0,1,0,1,0,0,1
TIM截图20200604131419.png,0,0,1,2,1,0,1,0
TIM截图20200604131449.png,0,0,0,0,1,0,1,0
TIM截图20200604131505.png,0,0,1,0,1,0,1,1
TIM截图20200604131516.png,1,0,1,1,1,0,1,0
TIM截图20200604131531.png,0,0,1,0,1,0,1,0
TIM截图20200604131551.png,0,0,1,0,1,0,1,1
TIM截图20200604131558.png,0,0,1,0,1,0,1,2
TIM截图20200604131611.png,0,0,1,0,1,0,1,0
TIM截图20200604131618.png,0,0,1,1,1,0,1,0
TIM截图20200604131629.png,0,0,1,1,1,0,0,0
TIM截图20200604131637.png,0,0,1,0,1,0,0,0
TIM截图20200604131653.png,0,0,0,1,1,0,0,0
TIM截图20200604131716.png,0,0,1,0,1,0,0,1
TIM截图20200604131722.png,1,0,0,0,1,0,1,0
TIM截图20200604131731.png,0,0,1,2,1,0,1,0
TIM截图20200604131737.png,1,0,1,0,1,0,1,0
TIM截图20200604131756.png,0,0,1,0,1,0,1,0
TIM截图20200604131807.png,0,0,0,0,1,0,0,0
TIM截图20200604131819.png,0,0,1,0,1,0,1,0
TIM截图20200604131829.png,0,0,1,1,1,0,1,0
TIM截图20200604131837.png,0,0,1,0,1,0,1,0
TIM截图20200604131853.png,0,0,0,0,1,0,1,0
TIM截图20200604131902.png,0,0,0,0,1,0,1,0
TIM截图20200604131913.png,0,0,1,1,1,0,0,0
TIM截图20200604131944.png,0,0,1,1,0,0,0,0
TIM截图20200604132029.png,0,0,1,1,0,0,0,0
TIM截图20200604132035.png,0,0,1,1,1,0,1,0
TIM截图20200604132044.png,0,0,0,0,1,0,1,0
TIM截图20200604132059.png,1,0,1,0,1,0,1,0
TIM截图20200604132117.png,0,0,0,1,1,0,1,0
TIM截图20200604132133.png,0,0,0,0,1,0,1,0
TIM截图20200604132147.png,0,0,1,0,1,0,1,0
TIM截图20200604132159.png,0,0,0,1,1,0,1,0
TIM截图20200604132216.png,0,0,0,0,1,0,1,0
TIM截图20200604132229.png,1,0,1,0,1,0,1,0
TIM截图20200604132237.png,0,0,1,1,1,0,0,0
TIM截图20200604132251.png,0,0,0,0,1,0,1,0
TIM截图20200604132314.png,1,0,1,0,1,0,1,0
TIM截图20200604132320.png,0,0,1,1,1,0,1,0
TIM截图20200604132338.png,0,0,1,1,1,0,2,0
TIM截图20200604132347.png,0,0,1,1,1,0,0,0
TIM截图20200604132357.png,0,0,1,0,1,0,0,1
TIM截图20200604132407.png,0,0,1,1,1,0,0,0
TIM截图20200604132417.png,0,0,0,0,1,0,0,0
TIM截图20200604132422.png,0,0,1,1,0,0,1,0
TIM截图20200604132426.png,0,0,1,0,1,0,1,0
TIM截图20200604132432.png,0,0,1,0,1,0,1,0
TIM截图20200604132450.png,0,0,1,0,1,0,1,0
TIM截图20200604132500.png,0,0,1,0,1,0,1,0
TIM截图20200604132515.png,0,0,0,0,1,0,0,0
TIM截图20200604132524.png,0,0,0,0,1,0,0,0
TIM截图20200604132532.png,1,0,1,0,1,0,1,0
TIM截图20200604132539.png,0,0,1,0,0,0,0,0
TIM截图20200604132554.png,0,0,1,0,1,0,0,1
TIM截图20200604132601.png,0,0,1,0,1,0,0,1
TIM截图20200604132607.png,0,0,1,0,1,0,0,1
TIM截图20200604132621.png,0,0,1,0,1,0,2,0
TIM截图20200604132725.png,0,0,1,1,1,0,0,0
TIM截图20200604132730.png,0,0,1,1,1,0,0,0
TIM截图20200604132745.png,0,0,0,0,0,0,2,0
TIM截图20200604132808.png,0,0,1,0,1,0,1,0
TIM截图20200604132834.png,0,0,1,0,2,0,1,0
TIM截图20200604132839.png,0,0,0,0,1,0,0,0
TIM截图20200604132845.png,0,0,0,0,1,0,0,0
TIM截图20200604132856.png,0,0,1,0,1,0,1,0
TIM截图20200604132900.png,0,0,1,0,1,0,1,0
TIM截图20200604132903.png,0,0,1,0,1,0,0,1
TIM截图20200604132907.png,0,0,1,1,1,0,1,0
TIM截图20200604132923.png,0,0,1,0,1,0,0,1
TIM截图20200604132928.png,0,0,1,0,1,0,1,1
TIM截图20200604132932.png,0,0,1,0,1,0,1,1
TIM截图20200604132938.png,0,0,1,1,1,0,2,0
TIM截图20200604132949.png,0,0,0,0,1,0,2,0
TIM截图20200604133040.png,0,0,1,0,1,0,1,0
TIM截图20200604133104.png,0,0,1,0,1,0,1,0
TIM截图20200604133108.png,0,0,1,1,1,0,0,0
TIM截图20200604133114.png,0,0,0,0,1,0,2,0
TIM截图20200604133120.png,0,0,1,0,1,0,1,1
TIM截图20200604133142.png,0,0,0,0,1,0,1,0
TIM截图20200604133147.png,0,0,1,1,1,0,1,0
TIM截图20200604133201.png,0,0,0,0,1,0,1,0
TIM截图20200604133229.png,0,0,0,1,1,0,1,0
TIM截图20200608144751.png,0,0,1,1,1,0,1,0
TIM截图20200608144825.png,0,0,1,1,1,0,0,0
TIM截图20200608144833.png,0,0,1,0,1,0,0,1
TIM截图20200608144840.png,0,0,1,1,1,0,0,0
TIM截图20200608144845.png,0,0,1,0,1,0,0,1
TIM截图20200608144853.png,0,0,1,1,1,0,0,0
TIM截图20200608144933.png,0,0,0,1,0,0,0,0
TIM截图20200608145007.png,0,0,1,1,1,0,1,0
TIM截图20200608145015.png,0,0,1,0,1,0,1,0
TIM截图20200608145043.png,0,0,1,1,1,0,0,0
TIM截图20200608145055.png,0,0,0,0,1,0,0,0
TIM截图20200608145201.png,0,0,0,0,1,0,1,0
TIM截图20200608145210.png,0,0,0,0,1,0,1,0
TIM截图20200608145217.png,0,0,0,0,1,0,1,0
TIM截图20200608145242.png,0,0,1,0,1,0,1,0
TIM截图20200608145253.png,0,0,1,1,1,0,1,0
TIM截图20200608145305.png,0,0,1,0,1,0,0,0
TIM截图20200608145318.png,0,0,1,1,1,0,0,0
TIM截图20200608145349.png,0,0,1,0,1,0,1,0
TIM截图20200608145403.png,0,0,0,0,1,0,1,0
TIM截图20200608145409.png,0,0,1,1,1,0,0,0
TIM截图20200608145417.png,0,0,1,0,1,0,2,0
TIM截图20200608145423.png,0,0,1,0,1,0,1,1
TIM截图20200608145436.png,0,0,1,1,1,0,0,0
TIM截图20200608145544.png,0,0,1,0,1,0,2,1
TIM截图20200608145555.png,0,0,1,1,1,0,0,0
TIM截图20200608145601.png,0,0,1,0,1,0,1,1
TIM截图20200608145619.png,0,0,0,0,1,0,1,0
TIM截图20200608145629.png,0,0,0,0,1,0,1,0
TIM截图20200608145640.png,0,0,0,0,1,0,1,0
TIM截图20200608145645.png,0,0,1,0,1,0,0,1
TIM截图20200608145656.png,0,0,1,0,1,0,1,1
TIM截图20200608145702.png,0,0,1,0,1,0,1,0
TIM截图20200608145708.png,0,0,1,1,0,0,0,0
TIM截图20200608145722.png,0,0,1,1,1,0,1,0
TIM截图20200608145727.png,0,0,1,1,1,0,1,1
TIM截图20200608145802.png,0,0,0,0,1,0,0,0
TIM截图20200608145807.png,0,0,1,1,1,0,0,0
TIM截图20200608145814.png,0,1,0,0,1,0,1,0
TIM截图20200608145825.png,0,0,1,0,1,0,1,0
TIM截图20200608145830.png,0,0,0,0,1,0,0,0
TIM截图20200608145846.png,0,0,0,0,1,0,1,0
TIM截图20200608145852.png,0,0,1,0,1,0,0,1
TIM截图20200608145859.png,0,0,1,1,1,0,1,0
TIM截图20200608145903.png,0,0,0,0,1,0,1,0
TIM截图20200608145912.png,0,0,0,0,1,0,1,0
TIM截图20200608145917.png,0,0,1,1,1,0,1,0
TIM截图20200608145921.png,0,0,0,0,1,0,1,0
TIM截图20200608145926.png,0,0,0,0,1,0,1,0
TIM截图20200608145932.png,0,0,1,0,1,0,2,0
TIM截图20200608145936.png,0,0,0,0,1,0,1,0
TIM截图20200608145940.png,0,0,1,1,1,0,1,0
TIM截图20200608145947.png,0,0,0,0,1,0,1,0
TIM截图20200608150020.png,0,0,1,1,1,0,1,0
TIM截图20200608150033.png,0,0,0,0,1,0,1,0
TIM截图20200608150040.png,0,0,1,1,0,0,0,0
TIM截图20200608150102.png,0,0,1,0,1,0,1,0
TIM截图20200608150113.png,0,0,0,0,1,0,1,0
TIM截图20200608150144.png,0,0,1,0,1,0,1,0
TIM截图20200608150158.png,0,0,1,0,1,0,1,0
TIM截图20200608150204.png,0,0,1,1,1,0,0,0
TIM截图20200608150227.png,0,0,1,1,1,0,0,0
TIM截图20200608150239.png,0,0,1,0,1,0,1,1
TIM截图20200608150357.png,0,0,1,1,1,0,0,1
TIM截图20200608150409.png,0,0,1,1,0,0,1,0
TIM截图20200615210959.png,0,0,1,0,1,0,1,0
TIM截图20200616194801.png,1,0,1,0,1,0,1,0
TIM截图20200618001730.png,0,0,1,1,1,0,1,0
TIM截图20200618001803.png,1,0,0,0,1,0,1,0
TIM截图20200618001859.png,1,0,1,0,1,0,1,1
TIM截图20200618001925.png,0,0,1,1,1,0,1,0
TIM截图20200618001935.png,0,0,1,1,1,0,0,0
TIM截图20200618001941.png,0,0,1,0,1,0,0,0
TIM截图20200618001957.png,0,0,1,0,1,0,1,0
TIM截图20200618002030.png,0,0,1,1,1,0,0,0
TIM截图20200618002037.png,0,0,1,1,1,0,0,0
TIM截图20200618002101.png,0,0,1,1,1,1,1,0
TIM截图20200618002432.png,0,0,0,0,1,1,1,0
TIM截图20200618002440.png,1,0,1,0,1,0,1,0
TIM截图20200618002451.png,1,0,1,0,1,0,1,0
TIM截图20200618002500.png,1,0,1,0,1,0,1,0
TIM截图20200618002611.png,0,0,0,1,0,0,1,0
TIM截图20200618002739.png,0,0,0,1,1,0,1,0
TIM截图20200618002745.png,0,0,0,1,0,0,1,0
TIM截图20200618002807.png,1,0,1,0,1,0,1,0
TIM截图20200618002816.png,1,0,0,0,1,0,1,0
TIM截图20200618002943.png,0,0,1,0,1,0,1,0
TIM截图20200618003102.png,1,0,0,1,1,0,0,0
TIM截图20200618003259.png,1,0,0,0,1,0,0,0
TIM截图20200618003305.png,1,2,1,0,1,0,0,0
TIM截图20200618003311.png,1,0,0,0,1,0,1,0
TIM截图20200618003317.png,1,0,0,0,1,0,0,0
TIM截图20200618003324.png,0,2,0,0,1,0,2,0
TIM截图20200618003329.png,1,0,1,0,1,0,2,0
TIM截图20200618003335.png,0,0,0,0,1,0,0,2
TIM截图20200618003341.png,0,0,0,0,1,1,0,0
TIM截图20200618003404.png,0,0,0,1,1,0,1,0
TIM截图20200618003534.png,0,0,0,1,0,0,0,0
TIM截图20200618003539.png,0,0,0,1,0,0,0,0
TIM截图20200618003543.png,0,0,0,1,0,0,0,0
TIM截图20200622215527.png,0,0,1,0,1,0,0,1
TIM截图20200622215710.png,0,0,1,0,1,0,2,0
TIM截图20200626164710.png,0,0,1,0,1,0,0,1
TIM截图20200626190630.png,0,0,1,1,1,0,1,0
TIM截图20200626191110.png,0,0,0,0,1,0,1,0
TIM截图20200626191353.png,0,0,0,0,1,0,0,0
TIM截图20200626191542.png,0,0,1,1,1,0,1,1
TIM截图20200626191749.png,0,0,0,0,1,0,1,0
TIM截图20200626191904.png,0,0,0,1,1,0,1,0
TIM截图20200626191911.png,0,0,1,1,1,0,0,0
TIM截图20200626192000.png,0,0,1,1,1,0,1,0
TIM截图20200626193614.png,1,0,1,0,0,0,1,0
TIM截图20200626194245.png,0,0,1,0,1,2,0,1
TIM截图20200626194444.png,0,0,1,0,1,2,0,1
TIM截图20200626194832.png,0,0,0,0,1,0,0,0
TIM截图20200629153120.png,0,0,0,0,1,0,1,0
TIM截图20200629153214.png,0,0,0,0,1,0,2,0
TIM截图20200629153327.png,0,0,1,0,1,0,1,0
TIM截图20200629153338.png,0,0,1,0,1,0,0,1
TIM截图20200629153345.png,0,0,1,0,1,0,1,0
TIM截图20200629153438.png,0,0,1,0,1,0,2,1
TIM截图20200629153500.png,0,0,1,0,1,0,1,1
TIM截图20200629153607.png,0,0,1,0,1,0,2,1
TIM截图20200629153613.png,0,0,1,0,1,0,2,1
TIM截图20200629153617.png,0,0,1,0,1,0,1,0
TIM截图20200629154421.png,0,0,1,0,1,0,1,1
TIM截图20200629154433.png,1,0,1,0,1,0,1,0
TIM截图20200629155150.png,0,0,1,0,1,0,1,0
TIM截图20200629155435.png,0,0,1,0,1,0,1,0
TIM截图20200629155640.png,0,0,1,0,1,0,1,0
TIM截图20200629155811.png,0,0,0,0,1,0,1,0
TIM截图20200629155847.png,0,0,1,0,1,0,1,0
TIM截图20200629155857.png,1,0,1,0,1,0,1,0
TIM截图20200629155924.png,0,0,1,0,1,1,1,0
TIM截图20200629155942.png,1,0,1,0,1,0,1,0
TIM截图20200629160043.png,0,0,1,1,1,0,0,0
TIM截图20200629160051.png,0,0,1,0,1,0,1,1
TIM截图20200629160116.png,0,0,0,1,1,0,0,0
TIM截图20200629160140.png,0,0,1,0,1,0,0,0
TIM截图20200629160213.png,0,0,0,0,1,0,0,0
TIM截图20200629160636.png,0,0,1,0,1,0,1,1
TIM截图20200629160705.png,0,0,0,0,1,0,1,0
TIM截图20200629160800.png,1,0,0,0,1,0,1,0
TIM截图20200629160954.png,0,0,0,0,1,0,2,1
TIM截图20200629161004.png,0,0,1,0,1,0,2,1
TIM截图20200629161020.png,0,0,1,0,1,0,2,1
TIM截图20200629161036.png,0,0,1,0,1,0,2,1
TIM截图20200629161048.png,0,0,1,0,1,0,2,1
TIM截图20200629161130.png,0,0,1,0,1,0,0,0
TIM截图20200629161151.png,0,0,0,1,1,0,0,0
TIM截图20200629161157.png,0,0,1,1,1,0,0,0
TIM截图20200629161246.png,0,0,1,1,1,0,1,0
TIM截图20200629161258.png,0,0,1,1,1,0,1,0
TIM截图20200629161317.png,0,0,1,0,1,0,1,0
TIM截图20200629161329.png,0,0,1,1,1,0,1,0
TIM截图20200629161341.png,0,0,1,0,1,0,1,0
TIM截图20200629161455.png,0,0,1,1,1,0,1,0
TIM截图20200629161604.png,0,0,1,2,1,0,0,0
TIM截图20200629162223.png,0,0,1,1,1,0,0,0
TIM截图20200629162245.png,0,0,0,1,1,0,1,0
TIM截图20200629162328.png,0,0,0,0,1,0,0,0
TIM截图20200629162335.png,0,0,1,1,1,0,1,1
TIM截图20200629162455.png,0,0,1,1,1,0,1,0
TIM截图20200629162552.png,0,0,0,1,1,0,1,0
TIM截图20200629162615.png,0,0,1,0,1,0,1,1
TIM截图20200629162650.png,0,0,1,0,1,0,1,0
TIM截图20200629162658.png,0,0,1,1,1,0,1,0
TIM截图20200629163317.png,0,0,1,1,1,0,1,0
TIM截图20200629163336.png,0,0,0,1,1,0,0,0
TIM截图20200629163450.png,0,0,1,1,1,0,1,0
TIM截图20200629163545.png,1,0,1,0,1,0,1,0
TIM截图20200629163607.png,0,0,1,0,1,0,1,0
TIM截图20200629163720.png,0,0,0,0,1,1,0,0
TIM截图20200629163857.png,1,0,1,0,1,0,1,0
TIM截图20200629164031.png,0,0,1,0,1,0,1,0
TIM截图20200629164104.png,0,0,1,1,1,0,0,0
TIM截图20200629164120.png,0,0,0,0,1,0,1,0
TIM截图20200629164128.png,0,0,0,0,1,0,1,0
TIM截图20200629164314.png,0,0,1,1,1,0,1,0
TIM截图20200629164344.png,1,0,0,0,2,0,1,0
TIM截图20200629164426.png,0,0,1,1,1,0,1,0
TIM截图20200629164454.png,0,0,0,0,1,0,0,0
TIM截图20200629164509.png,1,0,1,0,1,0,1,1
TIM截图20200629164516.png,0,0,0,0,1,0,0,0
TIM截图20200629164524.png,0,0,1,1,1,0,0,0
TIM截图20200629164541.png,0,0,1,0,1,0,1,0
TIM截图20200629164549.png,0,0,1,0,1,0,0,1
TIM截图20200629164622.png,0,0,1,0,1,0,1,0
TIM截图20200629164645.png,1,0,0,0,1,0,1,0
TIM截图20200629164717.png,0,0,0,0,1,0,1,0
TIM截图20200629164745.png,0,0,0,1,1,0,1,0
TIM截图20200629164755.png,1,0,0,0,1,0,1,0
TIM截图20200629164800.png,0,0,1,1,1,0,0,0
TIM截图20200629164830.png,0,0,1,0,1,0,1,0
TIM截图20200629164928.png,0,0,0,1,1,0,0,0
TIM截图20200629164940.png,0,0,1,0,1,0,1,0
TIM截图20200629165109.png,0,0,1,1,1,0,0,0
TIM截图20200629165215.png,0,0,1,0,1,0,1,0
TIM截图20200629165315.png,0,0,1,0,1,0,0,1
TIM截图20200629165326.png,0,0,0,0,1,0,0,0
TIM截图20200629165336.png,0,0,1,0,1,0,1,0
TIM截图20200629165346.png,0,0,1,0,1,0,0,0
TIM截图20200629165354.png,0,0,0,0,1,0,1,0
TIM截图20200629165401.png,0,0,1,1,1,0,1,0
TIM截图20200629165428.png,0,0,0,1,1,0,1,0
TIM截图20200629165436.png,0,0,1,0,1,0,1,0
TIM截图20200629165504.png,0,0,0,1,1,0,1,0
TIM截图20200629191812.png,0,0,0,0,1,0,1,0
TIM截图20200629191932.png,0,0,0,0,0,0,0,0
TIM截图20200629191947.png,0,0,1,1,1,0,1,0
TIM截图20200629191954.png,0,0,1,1,1,0,0,0
TIM截图20200629192050.png,0,0,1,1,1,0,1,0
TIM截图20200629192107.png,0,1,0,0,1,0,1,0
TIM截图20200629192121.png,0,0,0,1,1,0,0,0
TIM截图20200629192126.png,0,0,0,1,1,0,0,0
TIM截图20200629192132.png,0,0,0,1,1,0,0,0
TIM截图20200629192214.png,0,0,1,0,1,0,1,0
TIM截图20200629192258.png,0,0,1,0,1,0,1,0
TIM截图20200629192305.png,0,0,1,0,1,0,1,1
TIM截图20200629192333.png,0,0,1,1,1,0,1,0
TIM截图20200629192601.png,0,0,1,1,1,0,1,0
TIM截图20200629192622.png,0,0,1,0,1,0,1,0
TIM截图20200629192648.png,0,0,1,0,1,0,2,0
TIM截图20200629192658.png,0,0,1,0,1,0,1,1
TIM截图20200629192709.png,1,0,1,0,1,0,1,0
TIM截图20200629192722.png,0,0,1,0,1,0,1,0
TIM截图20200629192805.png,0,0,1,0,1,0,1,0
TIM截图20200629192942.png,0,0,1,1,1,0,0,0
TIM截图20200629192950.png,0,0,1,1,1,0,0,0
TIM截图20200629193000.png,0,0,1,0,1,0,0,1
TIM截图20200629193007.png,0,0,1,1,1,0,0,0
TIM截图20200629193018.png,0,0,1,1,1,0,0,0
TIM截图20200629193049.png,0,0,1,1,1,0,0,0
TIM截图20200629193135.png,0,0,1,2,1,0,0,0
TIM截图20200629193305.png,1,0,1,0,1,0,1,0
TIM截图20200629193604.png,0,0,1,1,1,0,0,0
TIM截图20200629193653.png,0,0,1,1,1,0,0,0
TIM截图20200629193738.png,0,0,0,1,1,0,1,0
TIM截图20200629193827.png,0,0,1,1,1,0,0,0
TIM截图20200629194238.png,0,0,0,0,1,0,1,0
TIM截图20200629194251.png,0,0,0,0,1,0,1,0
TIM截图20200629194315.png,0,0,1,0,1,0,1,0
TIM截图20200629194330.png,0,0,1,1,1,0,0,0
TIM截图20200629194412.png,0,0,1,0,1,0,0,1
TIM截图20200629194508.png,0,2,0,0,1,0,2,1
TIM截图20200629194518.png,0,2,0,0,1,0,2,1
TIM截图20200629194526.png,0,2,0,0,1,0,2,1
TIM截图20200629194918.png,0,0,0,1,1,0,1,0
TIM截图20200629194940.png,0,0,1,1,1,0,1,0
TIM截图20200629194951.png,0,0,1,1,1,0,1,0
TIM截图20200629195018.png,0,0,1,1,1,0,0,1
TIM截图20200629195137.png,0,0,0,0,1,0,1,0
TIM截图20200629195505.png,0,0,1,0,1,0,1,1
TIM截图20200629195518.png,0,0,1,0,1,0,1,0
TIM截图20200629195530.png,1,0,1,0,1,0,1,1
TIM截图20200629195743.png,0,0,1,0,1,0,0,1
TIM截图20200629195805.png,0,0,1,0,1,0,1,1
TIM截图20200629200054.png,0,0,1,1,1,0,0,0
TIM截图20200629200103.png,0,0,1,1,0,0,0,0
TIM截图20200629200110.png,0,0,1,0,1,0,1,0
TIM截图20200629200202.png,0,0,1,0,1,0,0,0
TIM截图20200629200224.png,0,0,1,0,1,1,0,0
TIM截图20200629200247.png,0,0,1,1,1,0,0,0
TIM截图20200629200255.png,0,0,1,1,1,0,0,0
TIM截图20200629200301.png,0,0,1,1,1,0,0,0
TIM截图20200629200309.png,0,0,0,1,1,0,0,0
TIM截图20200629200438.png,0,0,1,1,1,0,0,0
TIM截图20200629200449.png,0,0,1,1,1,0,0,0
TIM截图20200629200454.png,0,0,1,1,1,0,0,0
TIM截图20200629200501.png,0,0,1,1,1,0,0,0
TIM截图20200629200620.png,0,0,1,0,1,0,1,0
TIM截图20200629200656.png,0,0,1,1,1,0,0,0
TIM截图20200629200701.png,0,0,0,1,1,1,0,0
TIM截图20200629200754.png,0,0,1,0,1,0,0,1
TIM截图20200629200927.png,0,0,1,0,1,0,1,2
TIM截图20200629200937.png,0,0,1,0,1,0,1,2
TIM截图20200629200942.png,0,0,1,1,1,0,0,0
TIM截图20200629200946.png,0,0,0,0,1,0,1,0
TIM截图20200629201102.png,1,0,1,1,1,0,1,0
TIM截图20200629201154.png,0,0,1,1,1,0,0,0
TIM截图20200629201427.png,0,0,1,1,1,0,0,0
TIM截图20200629201432.png,0,0,1,1,1,0,0,0
TIM截图20200629201438.png,0,0,1,1,1,0,1,0
TIM截图20200629201444.png,0,0,0,0,1,1,1,0
TIM截图20200629201448.png,0,0,1,1,0,0,0,0
TIM截图20200629201519.png,0,0,1,0,1,1,1,0
TIM截图20200629201629.png,0,0,1,1,1,0,1,0
TIM截图20200629201635.png,0,0,1,1,1,0,1,0
TIM截图20200629201640.png,0,0,1,1,1,0,1,0
TIM截图20200629201647.png,0,0,0,0,1,0,1,0
TIM截图20200629201659.png,0,0,1,1,1,0,1,0
TIM截图20200629201803.png,0,0,0,0,1,0,1,0
TIM截图20200630143405.png,1,0,1,0,1,0,1,0
TIM截图20200630143429.png,0,0,1,1,1,0,1,0
TIM截图20200630143442.png,0,0,1,1,1,0,1,0
TIM截图20200630143455.png,0,0,1,0,1,0,1,0
TIM截图20200630144622.png,0,0,0,0,1,0,1,0
TIM截图20200630144628.png,0,0,0,1,1,0,1,0
TIM截图20200630145057.png,0,0,1,1,1,0,0,0
TIM截图20200630145359.png,0,0,0,0,1,0,1,0
TIM截图20200630145406.png,0,0,0,0,1,0,1,0
TIM截图20200630145416.png,0,0,0,0,1,0,1,0
TIM截图20200630145425.png,0,0,0,0,1,0,1,0
TIM截图20200630145441.png,0,0,1,0,0,0,1,0
TIM截图20200630150351.png,1,0,1,0,1,0,1,0
TIM截图20200630150409.png,0,0,1,0,1,0,0,1
TIM截图20200630150423.png,1,0,0,0,1,0,1,0
TIM截图20200630150610.png,0,0,1,1,0,0,1,0
TIM截图20200630150713.png,0,0,0,1,1,0,0,0
TIM截图20200630150728.png,0,0,0,1,1,0,0,0
TIM截图20200630150752.png,0,0,1,1,1,0,1,0
TIM截图20200630150805.png,1,0,0,0,1,0,1,0
TIM截图20200630150916.png,0,0,1,1,0,0,1,0
TIM截图20200630151222.png,0,0,1,1,0,0,1,0
TIM截图20200630151430.png,0,0,1,1,1,0,0,0
TIM截图20200630151503.png,0,0,0,0,1,0,0,0
TIM截图20200630151532.png,0,0,0,1,1,0,1,0
TIM截图20200630151626.png,0,0,1,0,1,0,1,1
TIM截图20200630151714.png,0,0,0,1,1,0,1,0
TIM截图20200630151719.png,0,0,1,1,1,0,1,0
TIM截图20200630151929.png,0,0,1,1,1,0,1,0
TIM截图20200630152002.png,1,0,0,0,1,0,1,0
TIM截图20200630152124.png,0,0,1,0,1,0,1,1
TIM截图20200630152136.png,0,0,1,0,1,0,1,0
TIM截图20200630152300.png,0,0,1,0,1,0,0,1
TIM截图20200630152318.png,0,0,1,0,1,0,1,1
TIM截图20200630152328.png,0,0,1,0,1,0,0,1
TIM截图20200630152340.png,0,0,1,0,1,0,0,1
TIM截图20200630152516.png,0,0,1,1,1,0,1,0
TIM截图20200630152526.png,0,0,1,0,1,0,1,0
TIM截图20200630152534.png,1,0,0,0,1,0,2,0
TIM截图20200630152638.png,0,0,0,1,1,0,0,0
TIM截图20200630152722.png,0,2,1,0,1,0,1,1
TIM截图20200630152756.png,0,0,1,1,1,0,1,0
TIM截图20200630152805.png,1,0,1,0,1,0,1,0
TIM截图20200630152810.png,0,0,1,1,1,0,1,0
TIM截图20200630152826.png,0,0,1,1,1,0,1,0
TIM截图20200630152842.png,0,0,1,1,1,0,1,0
TIM截图20200630152931.png,0,0,0,0,1,0,1,0
TIM截图20200630152958.png,0,0,1,0,1,0,1,0
TIM截图20200630153103.png,0,0,1,1,1,0,1,0
TIM截图20200630153146.png,0,0,0,1,1,0,1,0
TIM截图20200630153652.png,1,0,0,0,1,0,1,0
TIM截图20200630153806.png,0,0,1,0,1,0,1,0
TIM截图20200630153825.png,0,0,1,0,1,0,1,0
TIM截图20200630153922.png,1,0,0,0,1,0,1,0
TIM截图20200630153936.png,0,0,0,1,1,0,1,0
TIM截图20200630154046.png,0,0,1,0,1,0,1,0
TIM截图20200630154105.png,0,0,1,1,1,0,1,0
TIM截图20200630154140.png,0,0,1,0,1,0,1,1
TIM截图20200630154157.png,0,0,1,1,1,0,1,0
TIM截图20200630154202.png,0,0,0,0,1,0,1,0
TIM截图20200630154209.png,0,0,1,1,1,0,1,0
TIM截图20200630154215.png,0,0,1,1,1,0,1,0
TIM截图20200630154222.png,0,0,1,0,1,0,1,1
TIM截图20200630154230.png,0,0,1,0,1,0,1,1
TIM截图20200630154235.png,0,0,1,0,1,0,1,1
TIM截图20200630154322.png,0,0,1,1,1,0,1,0
TIM截图20200630154616.png,0,0,0,0,1,0,1,0
TIM截图20200630154634.png,0,0,1,0,1,0,1,1
TIM截图20200630154644.png,0,0,1,0,1,0,1,1
TIM截图20200630154806.png,0,0,1,1,1,0,1,0
TIM截图20200630155021.png,0,0,0,1,1,0,0,0
TIM截图20200630155045.png,0,0,0,1,0,0,0,0
TIM截图20200630155110.png,0,0,0,1,0,0,0,0
TIM截图20200630155229.png,0,0,1,1,1,0,1,0
TIM截图20200630155239.png,1,0,1,0,1,0,1,0
TIM截图20200630155418.png,0,0,0,0,1,0,0,0
TIM截图20200630155437.png,0,0,1,0,1,0,0,1
TIM截图20200630155658.png,0,0,0,0,1,0,1,0
TIM截图20200630155901.png,0,0,0,1,1,0,0,0
TIM截图20200630155929.png,0,0,0,0,1,0,1,0
TIM截图20200630155952.png,0,0,1,1,1,0,1,0
TIM截图20200630160129.png,0,0,1,1,1,0,0,0
TIM截图20200630160222.png,0,0,1,1,1,0,0,0
TIM截图20200630160226.png,0,0,0,1,1,0,0,0
TIM截图20200630160230.png,1,0,0,0,1,0,1,0
TIM截图20200630160235.png,0,0,1,1,1,0,1,0
TIM截图20200630160300.png,0,0,1,0,1,0,1,0
TIM截图20200630160315.png,1,0,0,0,1,0,1,0
TIM截图20200630160324.png,0,0,1,1,1,0,1,0
TIM截图20200630160433.png,0,0,1,0,1,0,1,0
TIM截图20200630160546.png,1,0,1,0,1,0,1,0
TIM截图20200630160644.png,0,0,0,0,0,0,0,0
TIM截图20200630160649.png,0,0,1,1,1,0,0,0
TIM截图20200630160707.png,0,0,1,1,1,0,1,0
TIM截图20200630160719.png,0,0,0,1,1,0,1,0
TIM截图20200630160726.png,0,0,1,0,1,0,0,1
TIM截图20200630160748.png,1,0,0,0,1,0,1,0
TIM截图20200630160759.png,1,0,1,0,1,0,1,0
TIM截图20200630160821.png,0,0,0,1,1,0,0,0
TIM截图20200630160833.png,1,0,0,0,1,0,1,0
TIM截图20200630160842.png,0,0,1,1,1,0,0,0
TIM截图20200630161116.png,0,0,1,0,1,0,0,1
TIM截图20200630161122.png,0,0,1,1,1,0,0,0
TIM截图20200630161128.png,0,0,0,0,1,0,0,0
TIM截图20200630161136.png,0,0,1,0,1,0,0,1
TIM截图20200630161146.png,0,0,1,1,1,0,0,0
TIM截图20200630161152.png,0,0,1,0,1,0,0,1
TIM截图20200630161205.png,0,0,1,0,1,0,0,1
TIM截图20200630161233.png,0,0,0,0,1,0,1,0
TIM截图20200630161238.png,0,0,1,1,1,0,0,0
TIM截图20200630161246.png,0,0,1,1,1,0,0,0
TIM截图20200630161731.png,1,0,1,0,1,0,1,0
TIM截图20200630161739.png,0,0,1,1,1,0,1,0
TIM截图20200630161757.png,0,0,1,0,1,0,1,1
TIM截图20200630161828.png,1,0,1,0,1,0,1,0
TIM截图20200630161837.png,0,0,1,0,1,0,1,0
TIM截图20200630161855.png,0,0,1,0,1,0,1,0
TIM截图20200630161932.png,0,0,1,1,1,0,1,0
TIM截图20200630161946.png,0,0,1,1,1,0,1,0
TIM截图20200630162010.png,0,0,1,1,1,0,1,0
TIM截图20200630162025.png,0,0,1,1,1,0,1,0
TIM截图20200630162039.png,0,0,1,1,1,0,1,0
TIM截图20200630162212.png,0,0,1,1,1,0,1,0
TIM截图20200630162219.png,0,0,1,1,1,0,1,0
TIM截图20200630162226.png,0,0,1,1,1,0,1,0
TIM截图20200630162238.png,0,0,1,1,1,0,1,0
TIM截图20200630162245.png,0,0,1,1,1,0,1,0
TIM截图20200630162254.png,0,0,1,1,1,0,1,0
TIM截图20200630162303.png,0,0,1,1,1,0,1,0
TIM截图20200630162456.png,0,0,0,1,1,0,1,0
TIM截图20200630162607.png,0,0,1,1,1,0,1,1
TIM截图20200630162634.png,0,0,1,1,1,0,1,0
TIM截图20200630162759.png,0,0,1,1,1,0,0,0
TIM截图20200630162904.png,0,0,1,0,1,0,0,1
TIM截图20200630162908.png,1,0,1,0,1,0,1,0
TIM截图20200630162918.png,0,0,1,0,1,0,0,1
TIM截图20200630162957.png,0,0,1,0,1,0,0,1
TIM截图20200630163020.png,0,0,0,1,1,0,0,0
TIM截图20200630163254.png,0,0,1,1,1,0,0,0
TIM截图20200630163409.png,0,2,1,0,1,2,2,2
TIM截图20200630163422.png,0,2,1,0,1,2,2,2
TIM截图20200630163509.png,0,0,1,0,1,0,1,0
TIM截图20200630163524.png,1,0,1,0,1,0,1,0
TIM截图20200630163611.png,0,0,1,1,1,0,1,0
TIM截图20200630163646.png,0,0,0,1,1,0,1,0
TIM截图20200630163741.png,0,0,1,0,1,0,1,0
TIM截图20200630163755.png,0,0,1,0,1,0,1,0
TIM截图20200630163831.png,0,0,1,0,1,0,1,0
TIM截图20200630163915.png,0,0,1,1,1,0,0,0
TIM截图20200630163931.png,0,0,1,1,1,0,1,0
TIM截图20200630163957.png,0,0,1,1,1,0,1,0
TIM截图20200630164007.png,0,0,1,1,1,0,1,0
TIM截图20200630164025.png,0,0,1,1,1,0,1,0
TIM截图20200630164031.png,0,0,1,1,1,0,1,0
TIM截图20200630164058.png,1,0,0,0,1,0,1,0
TIM截图20200630164105.png,1,0,0,0,1,0,1,0
TIM截图20200630164150.png,0,0,1,0,1,0,1,0
TIM截图20200630164241.png,0,0,1,1,1,0,1,0
TIM截图20200630164247.png,1,0,1,0,1,0,1,0
titanic-dots.png,0,0,1,1,0,0,1,0
Toilet-paper-truth.png,0,0,0,0,1,1,1,0
trans0209gettingaroundrev-1-768x498.jpg,0,0,0,1,1,0,1,0
transatlantic-slave-trade.png,1,0,1,0,1,0,1,0
tumblr_inline_o0tym6jclA1r0cxi4_540.jpg,1,0,1,0,1,0,1,0
tumblr_mnoou8Nugu1r9chlco6_640.png,0,0,0,0,1,1,1,0
tumblr_nd76hy5Gik1tebxyeo1_1280.jpg,0,0,1,0,1,1,1,0
tumblr_nd76hy5Gik1tebxyeo7_1280.jpg,2,0,2,0,1,0,2,0
tumblr_owmiazKa011rio16lo1_1280.jpg,0,0,1,0,1,0,1,0
tumblr_owmidrq0fC1rio16lo1_1280.jpg,2,0,0,0,1,0,1,0
tumblr_owofcdPqzv1rio16lo1_1280.jpg,1,0,1,0,1,0,1,0
tumblr_owq0amAIZs1rio16lo1_1280.jpg,0,0,1,0,1,1,1,0
understanding-homelessness.png,0,2,1,0,0,0,2,0
unnamed.jpg,0,0,1,0,0,0,1,0
unnamed.png,0,0,1,1,1,1,1,0
us-gun-deaths-periscopic.png,0,0,2,0,1,0,1,0
usa-gb-world.png,0,0,1,1,0,0,1,0
using-pictogram-charts.png,0,0,1,1,0,1,1,0
visualizing-222k-lives-syria.png,0,0,0,0,0,0,0,0
Visualizing-Countries-with-the-Most-Nuclear-Weapons.jpg,1,0,0,0,1,0,1,0
visualoop129.jpg,0,0,1,0,1,0,1,0
visualoop1327.jpg,0,0,1,1,1,0,1,0
visualoop1466.jpg,0,0,1,0,1,0,1,0
visualoop1517.jpg,0,0,1,1,1,0,1,0
visualoop1523.jpg,0,2,0,0,2,0,2,0
visualoop1680.jpg,0,0,1,0,0,0,1,0
visualoop2216.jpg,0,2,1,1,1,0,0,0
visualoop991.jpg,0,1,1,0,1,0,1,0
visualoop995.jpg,0,0,1,1,1,0,1,0
W1Yer.png,0,0,1,1,1,0,1,0
Walking-Dead-kills-960x683.png,0,0,1,1,1,0,1,0
what-is-an-infographic.png,0,0,0,0,0,0,0,0
when-people-work.png,0,0,1,0,0,0,1,0
women-dataviz.png,1,0,1,0,0,0,1,0
Work4All-01.jpg,0,0,1,1,1,0,1,0
Work4All-02.jpg,0,0,0,1,1,0,1,0
Work4All-04.jpg,0,0,1,1,0,0,1,0
Work4All-05.jpg,0,0,0,1,0,0,1,0
Work4All-06.jpg,0,0,0,1,1,0,1,0
Work4All-09.jpg,0,0,1,1,1,0,1,0
Work4All-12.jpg,0,0,1,1,1,0,1,0
Work4All-13.jpg,0,0,1,1,2,0,1,0
Work4All-14.jpg,0,1,1,1,1,0,1,0
Work4All-teaser.jpg,0,0,1,1,0,0,1,0
Working-in-America-all-years.png,0,0,1,1,1,0,1,0
world-education.png,0,2,1,0,0,0,2,0
worlds-largest-gold-mines-2021.jpg,0,1,0,0,1,0,1,0
Yes-Penis-Size-Does-Matter.jpg,0,0,1,0,1,0,0,1
young-people-first-subway.png,0,0,0,0,1,0,0,0
young-people-maritime.png,0,0,0,1,1,0,1,0
Your-coming-tax-cut-or-not.png,0,0,1,1,1,0,1,0
【10】TIM截图20200626171748.png,0,0,1,0,1,0,1,1
【10】TIM截图20200626171802.png,0,0,1,0,1,0,1,1
【10】TIM截图20200626194818.png,0,0,2,0,1,0,0,0
【11】TIM截图20200622215512.png,1,0,1,0,1,0,1,1
【11】TIM截图20200622215624.png,1,0,1,2,1,0,2,1
【11】TIM截图20200622215638.png,1,0,0,0,1,0,0,0
【11】TIM截图20200626172915.png,1,0,0,0,1,0,1,0
【11】TIM截图20200626194400.png,1,0,0,0,1,0,1,0
【11】TIM截图20200626194439.png,1,0,0,0,1,0,1,0
【12】TIM截图20200626191044.png,0,0,1,1,1,0,1,0
【12】TIM截图20200626191150.png,0,0,1,1,1,0,0,0
【12】TIM截图20200626191205.png,0,0,1,1,1,0,0,0
【13】TIM截图20200626164615.png,0,0,1,0,1,0,1,1
【13】TIM截图20200626190857.png,0,0,1,0,1,0,0,1
【13】TIM截图20200626191234.png,0,0,1,0,1,0,1,1
【13】TIM截图20200626191432.png,0,0,1,0,1,0,1,1
【13】TIM截图20200626192055.png,0,0,1,0,1,0,1,1
【13】TIM截图20200626194309.png,0,0,1,0,0,0,1,1
【13】TIM截图20200626194622.png,0,0,1,0,1,0,1,1
【14】TIM截图20200626192048.png,0,0,1,0,1,1,0,0
【14】TIM截图20200626193719.png,0,0,1,2,1,0,0,1
【14】TIM截图20200626194341.png,0,0,1,0,1,0,0,1
【14】TIM截图20200626194909.png,0,0,1,0,1,0,1,1
【16】TIM截图20200626190907.png,0,0,2,1,1,0,0,0
【16】TIM截图20200626191446.png,0,0,1,1,1,0,1,0
【16】TIM截图20200626193913.png,0,0,1,1,1,0,1,0
【16】TIM截图20200626194418.png,0,0,1,1,1,0,0,0
【16】TIM截图20200626194424.png,0,0,1,1,1,0,0,0
【16】TIM截图20200626194430.png,0,0,0,1,1,0,0,0
【17】pic126.png,0,1,1,0,1,0,1,0
【17】TIM截图20200622215500.png,1,0,0,0,1,0,1,0
【17】TIM截图20200626190754.png,0,0,0,0,1,0,0,0
【17】TIM截图20200626191258.png,0,0,0,0,1,0,1,0
【17】TIM截图20200626191422.png,0,0,1,0,1,0,0,0
【17】TIM截图20200626191656.png,0,0,1,0,1,0,1,1
【17】TIM截图20200626191840.png,0,0,1,0,1,0,1,0
【17】TIM截图20200626191850.png,0,0,0,0,1,0,1,0
【17】TIM截图20200626191923.png,0,0,0,0,1,0,0,0
【17】TIM截图20200626193537.png,0,0,0,0,1,0,0,0
【18】信息图-pic122.png,0,0,0,1,1,1,1,0
【19】TIM截图20200626194321.png,0,0,0,0,1,0,0,0
【20】pic128.png,0,0,1,1,0,0,1,0
【20】TIM截图20200626190951.png,1,0,1,0,1,0,1,0
【21】TIM截图20200626190744.png,2,0,1,0,1,0,2,0
【21】TIM截图20200626192325.png,0,0,1,0,1,0,0,1
【21】TIM截图20200626192342.png,0,0,1,0,1,0,0,1
【23】pic57.png,1,1,1,0,1,0,1,0
【4】TIM截图20200622215418.png,0,0,1,0,1,0,1,0
【4】TIM截图20200622215741.png,0,0,1,0,1,0,1,0
【4】TIM截图20200626164639.png,0,0,1,0,1,0,1,0
【4】TIM截图20200626190819.png,0,0,1,0,1,0,1,0
【4】TIM截图20200626190927.png,0,0,1,0,1,0,1,0
【4】TIM截图20200626193304.png,0,0,1,0,1,0,1,0
【4】TIM截图20200626193552.png,0,0,0,1,1,0,1,0
【4】TIM截图20200626194258.png,0,0,1,0,0,0,1,0
【5】TIM截图20200626191139.png,0,0,1,0,1,0,1,1
【5】TIM截图20200626191222.png,0,0,1,0,1,0,1,1
【5】TIM截图20200626192158.png,0,0,1,0,1,0,0,1
【5】TIM截图20200626194353.png,0,0,1,0,2,0,0,1
【7】pic22.png,0,1,1,0,1,0,1,0
【7】pic63.png,0,0,1,0,0,0,1,0
【7】TIM截图20200622215536.png,0,0,0,1,1,0,0,0
【7】TIM截图20200622215543.png,0,0,0,1,1,1,1,0
【7】TIM截图20200622215548.png,0,0,0,1,1,1,2,0
【7】TIM截图20200626192146.png,0,0,0,1,1,1,0,0
【7】TIM截图20200626192228.png,0,0,1,1,0,0,1,0
【7】TIM截图20200626193847.png,0,0,0,1,1,0,1,0
【7】TIM截图20200626194115.png,0,0,0,1,1,0,1,0
【7】TIM截图20200626194736.png,0,0,0,1,1,0,0,0
【7】TIM截图20200626194825.png,0,0,0,1,1,0,0,0
【7】TIM截图20200626194920.png,0,0,0,1,1,0,1,0
【8】pic130.png,0,0,1,0,1,0,1,0
【8】TIM截图20200626164650.png,0,0,1,1,1,0,0,0
【8】TIM截图20200626193204.png,0,0,1,1,1,0,0,0
【8】TIM截图20200626193212.png,0,0,1,1,1,0,0,0
【8】TIM截图20200626193223.png,0,0,1,2,1,0,0,0
【8】TIM截图20200626193324.png,0,0,1,1,0,0,0,0
【8】TIM截图20200626193519.png,0,0,1,1,1,0,0,0
【8】TIM截图20200626194027.png,0,0,1,1,1,0,0,0
【8】TIM截图20200626194250.png,0,0,1,1,1,0,0,0
【9】TIM截图20200626191313.png,0,0,1,0,1,0,1,1
【9】TIM截图20200626191456.png,0,0,1,0,1,0,1,1
【icon+shape】TIM截图20200626191822.png,0,2,0,2,1,0,0,0
【icon+shape】TIM截图20200626193734.png,0,0,0,2,0,0,0,0
【icon+shape】TIM截图20200626193803.png,0,0,0,2,1,0,0,0
下载 (1).png,0,0,1,1,1,0,1,0
下载.png,0,0,1,1,1,0,1,0
微信图片_20200624151334.jpg,0,0,1,1,1,0,0,0
微信图片_20200701091543.png,0,0,0,0,1,1,0,0
微信图片_20210818010428.jpg,0,1,0,0,0,0,1,0
微信截图_20210518231506.png,1,0,1,0,0,0,1,0
微信截图_20210518231545.png,0,0,0,0,1,0,0,0
微信截图_20210518231559.png,1,0,0,0,1,0,1,0
微信截图_20210518231618.png,0,0,0,1,1,0,1,0
微信截图_20210518231630.png,0,0,1,1,1,0,0,1
微信截图_20210518231650.png,0,0,0,0,1,0,0,0
微信截图_20210518231716.png,0,2,0,2,1,0,0,0
微信截图_20210518231727.png,0,0,0,0,1,0,0,0
微信截图_20210518231739.png,0,0,0,0,1,1,1,0
微信截图_20210518231749.png,0,0,1,1,0,0,2,0
微信截图_20210518231803.png,1,0,1,0,1,0,1,0
微信截图_20210518231816.png,0,0,1,1,0,0,2,0
微信截图_20210518231843.png,0,0,0,1,1,0,1,0
微信截图_20210518231857.png,0,0,1,1,1,0,1,0
新文档 2020-02-26 12.55.35.jpg,0,0,1,1,1,0,1,0
新文档 2020-02-26 12.55.35_2.jpg,0,0,0,1,0,0,1,0
新文档 2020-02-26 12.55.35_3.jpg,0,0,1,1,1,0,1,0
新文档 2020-02-26 12.55.35_4.jpg,0,0,1,1,0,0,1,0
新文档 2020-02-26 12.55.35_6.jpg,0,0,0,1,0,0,1,0
横向填充.png,0,0,1,1,1,0,0,0